Rk,Yr,Ht,Player,Team,Conf,G,Role,Min%,PRPG!,D-PRPG,BPM,OBPM,DBPM,ORtg,D-Rtg,Usg,eFG,TS,OR,DR,Ast,TO,Blk,Stl
1,Fr,6-9,Cameron Boozer,Duke,ACC,38,Stretch 4,83.6,7.6,5.6,17.1,12,5.1,131.4,85.7,30.6,60.7,65.3,12.5,22.1,25.6,14.7,2.2,2.5
2,Sr,6-2,Bruce Thornton,Ohio St.,B10,34,Combo G,90.3,7.2,4.2,11.6,8.9,2.7,136.3,100.9,23.2,62.6,66.5,3.3,13.5,21.9,9.2,0.8,1.9
3,Fr,6-3,Darius Acuff Jr.,Arkansas,SEC,36,Scoring PG,84.3,6.7,3.5,8.9,8.9,0,125.9,105.7,29.5,56.1,60.4,1.6,8.3,32.2,11.6,0.9,1.3
4,Fr,6-9,AJ Dybantsa,BYU,B12,35,Wing F,86.6,6.6,4,10.1,9,1.1,118.6,100.8,33.5,55,60,4.7,16.9,22.1,15,1.1,1.7
5,Fr,6-6,Keaton Wagler,Illinois,B10,37,Combo G,83.7,6.5,4.2,11,8.2,2.8,130.2,97.9,25.7,54.1,59.6,6.7,10,23.2,12.5,1.3,1.7
6,Fr,6-2,Ebuka Okorie,Stanford,ACC,31,Scoring PG,82.2,6.3,3.7,9.6,8,1.6,122.6,104,30.1,52.8,58.9,2.4,10.3,23.9,10.4,1,2.7
7,Sr,6-4,Bennett Stirtz,Iowa,B10,37,Scoring PG,94,6.2,4.4,9.1,7.2,1.9,123.3,100.6,26.1,56.5,60.7,1,8.7,24.9,11.9,0.9,2.3
8,So,6-3,Christian Anderson,Texas Tech,B12,33,Pure PG,92.7,6.1,4.5,8.3,6.7,1.6,123.1,100.6,25.2,59.7,62.6,1.8,8.5,35.2,20.2,0.7,2.2
9,Sr,6-7,Nick Martinelli,Northwestern,B10,33,Wing F,86.1,6,3.8,7.3,7.3,0.1,120.9,103.5,29.4,55.2,60.2,7.8,13.5,13.2,8.4,1.2,1.4
10,So,6-4,Labaron Philon,Alabama,SEC,33,Scoring PG,72.3,6,3.3,10.3,9.1,1.2,124.3,103.2,29.9,58.5,62.6,1.9,9.2,31.9,14.8,0.5,2
11,Jr,6-2,Jeremy Fears Jr.,Michigan St.,B10,35,Pure PG,80.5,5.9,4.3,10.2,6.8,3.4,127,96,27.1,47.9,57.6,1.6,7,53,16.5,0.1,2.4
12,Sr,6-9,Yaxel Lendeborg,Michigan,B10,40,Stretch 4,75.1,5.8,5,15.1,9.2,5.9,137.5,86.8,20.5,60.2,64.7,8,16,18,9.5,4.4,2.1
13,So,6-0,Tyler Tanner,Vanderbilt,SEC,36,Scoring PG,83.1,5.8,4.3,11.4,7.4,4,125.9,96.9,26.3,54.9,61.2,1.5,10.8,28.9,12.2,1.1,4.1
14,Sr,6-3,Nick Boyd,Wisconsin,B10,35,Scoring PG,78.7,5.8,3.4,8.5,7.2,1.3,122.4,103.2,30.1,53.8,58.8,2.8,10.9,28.8,10.2,0.1,1.9
15,Sr,6-0,Boopie Miller,SMU,ACC,33,Pure PG,85.1,5.6,3.5,6.4,5.6,0.8,124.2,105.4,25.8,54.3,60.6,1.8,10,30.6,16,0.2,2.3
16,Fr,6-11,Hannes Steinbach,Washington,B10,30,PF/C,77.9,5.6,4.7,9,7,1.9,125.9,95.2,24.4,60.2,63.6,14.3,25,9.1,13.7,3.9,1.8
17,Jr,6-0,Colby Garland,San Jose St.,MWC,28,Scoring PG,77.2,5.3,2.1,4.4,5.5,-1.1,118.4,117.2,29.5,52.5,58,1.9,10.1,31.9,12.5,0.1,2
18,Sr,6-7,Cade Tyson,Minnesota,B10,32,Wing G,88,5.3,3.9,6,5.5,0.5,124,103.7,24.3,59.3,65,5.1,13.6,13.5,11.4,0.7,1.3
19,Sr,6-0,Braden Smith,Purdue,B10,39,Pure PG,85.9,5.3,4.3,8.8,6.4,2.4,119.7,98.6,26.5,51.1,55.1,2.4,10.3,43,19.5,0.7,3
20,Sr,6-5,Donovan Atwell,Texas Tech,B12,34,Combo G,86.3,5.3,3.9,8.1,5.7,2.5,142,101.4,13.1,67,68.3,2.5,7.9,3.9,5.3,0.4,2
21,Fr,6-10,Caleb Wilson,North Carolina,ACC,24,PF/C,56.7,5.3,4.6,12.7,8.2,4.6,123.1,92.2,28.8,59,62.6,10.5,22.2,18.1,12.6,4.4,2.8
22,Sr,6-7,Keyshawn Hall,Auburn,SEC,36,Wing F,78.9,5.3,3.4,6.3,6.2,0.2,120.7,104.7,26.5,52.2,60.6,6,18.9,15,16.3,2.2,1.2
23,Jr,6-9,JT Toppin,Texas Tech,B12,25,PF/C,63.8,5.3,5,8.5,5.7,2.8,114.8,93,30.6,56.7,57.1,14,21,13.8,13.7,5.1,2.3
24,Sr,6-5,Richie Saunders,BYU,B12,25,Wing G,55.8,5.2,3.7,9,7.1,1.8,127.9,100,23.8,59.3,63.2,6.7,13.5,12.2,12.4,1,3.1
25,Jr,6-3,Dior Johnson,Tarleton St.,WAC,19,Combo G,43.6,5.2,2.1,9.5,9.4,0.1,122.7,110.4,36.5,57.1,64.3,3.3,12.2,18.6,12.9,0.5,2.5
26,Jr,6-1,Aden Holloway,Alabama,SEC,28,Scoring PG,56.4,5.1,2.9,7.8,7.4,0.4,130.9,104.9,23.1,59.9,64.3,1.1,8.3,24,12.1,0,1.2
27,Jr,6-8,Milan Momcilovic,Iowa St.,B12,37,Wing F,76.2,5.1,4.2,10.2,7.8,2.4,136.9,95,18.1,67.2,69.3,0.8,11.5,6.1,8.8,1,1.6
28,So,6-1,Robert Wright III,BYU,B12,35,Scoring PG,86.7,5.1,3.7,5.2,4.9,0.4,118.6,104,25.2,52.6,56.8,2.9,8.1,24.2,14.4,0.1,2
29,Jr,6-7,Pryce Sandfort,Nebraska,B10,35,Wing G,83.3,5.1,4.8,10.5,7.4,3,128.7,92.9,21,62.1,64.4,2.3,14.2,12.1,5.9,1.1,1.8
30,Sr,6-11,Oscar Cluff,Purdue,B10,39,C,61.6,5,3.2,10,7,3,143.5,96.8,19.2,68.3,69.4,17.5,20.5,12.5,10.3,4.7,1.2
31,Sr,6-1,Ja'Kobi Gillespie,Tennessee,SEC,37,Pure PG,86,5,4.8,9.9,6,3.9,119.9,94.4,25.7,50.1,53.8,1.9,7.2,30.2,15.3,0.8,3.6
32,Sr,6-6,Lamar Wilkerson,Indiana,B10,32,Wing G,83.9,5,3.8,7.2,6.2,0.9,118.7,101.9,27.2,56.9,60.9,1.6,10.8,15.9,10.4,0.6,1.7
33,Sr,6-8,Ven-Allen Lubin,N.C. State,ACC,34,C,69.5,5,3,6.1,5.7,0.4,138.9,103.1,19.3,67.4,69.6,11.8,17.1,5.9,8.8,4,1
34,Fr,6-4,Kingston Flemings,Houston,B12,37,Scoring PG,78.9,5,4.9,11.4,6.3,5.2,121.1,89.5,26.5,52,56.3,1.8,12.9,32.6,13.1,1.3,3
35,Sr,6-9,Zuby Ejiofor,St. John's,BE,37,PF/C,74.7,5,4.5,13.5,8.1,5.4,122.3,90.5,26.4,56,60.9,12.1,14.7,23,15.1,7.2,2.2
36,So,6-7,Juke Harris,Wake Forest,ACC,35,Wing G,86.9,5,3.7,5.9,5.9,0.1,117.7,103.4,27.3,52.7,58.1,4.3,17.6,11.6,10,0.7,2.1
37,Sr,6-9,Graham Ike,Gonzaga,WCC,31,PF/C,68.9,4.9,4.9,9.4,6.2,3.3,124.4,89.2,26.5,59.1,62.7,7.9,20.2,13.7,12.4,3.3,1.4
38,Jr,6-4,John Blackwell,Wisconsin,B10,34,Wing G,80.8,4.9,3.7,6.7,5.6,1.1,119.3,102,25.6,53.4,59.3,4.1,13.1,13.3,11.3,0.3,1.9
39,Sr,6-9,Tyler Bilodeau,UCLA,B10,31,Stretch 4,64.3,4.9,3.5,7.9,7,0.9,126.5,100.9,23.7,60.9,65.6,4.7,18,7.4,11,1.5,1
40,Jr,6-8,Dailyn Swain,Texas,SEC,35,Wing F,81.9,4.9,4,9.5,6.6,2.9,121.6,99.5,25.5,57.8,63.3,6.2,20.7,21.3,18.4,1,2.8
41,Jr,6-8,Paulius Murauskas,Saint Mary's,WCC,32,Stretch 4,81.4,4.9,4.4,6.7,4.5,2.2,121.6,95.6,26.6,52.1,58.9,7.6,19.5,14.2,13,1.9,1
42,Sr,6-9,Mark Mitchell,Missouri,SEC,33,Wing F,83.8,4.9,3.3,7.1,6.5,0.6,121.1,106.4,25.9,57.2,60.6,6.3,11.8,21.2,13.8,1.7,1.2
43,Jr,6-0,Barrington Hargress,Colorado,B12,33,Scoring PG,80.3,4.8,2.7,5.1,4.7,0.4,130.3,109.8,19.6,61,64.3,1,6.8,26.2,11.2,0.3,1.6
44,Jr,6-9,Thomas Haugh,Florida,SEC,34,Wing F,80.9,4.8,4.8,9.7,6,3.7,126.6,92.4,21,53.3,58.6,7,12.3,10.5,11.8,2.9,1.8
45,Fr,6-1,Isaiah Johnson,Colorado,B12,32,Combo G,73.4,4.8,2.6,6.7,6.4,0.3,126,109.4,23.7,57.1,63.4,3.2,7.7,18.6,11.3,0.1,1.9
46,Jr,6-7,Jack Karasinski,Bellarmine,ASun,30,Wing F,74.2,4.8,0.8,3.3,7.9,-4.6,129.5,126.8,29.2,65.5,69.3,5,15.7,8.6,9.9,1.3,1.2
47,So,6-5,Cameron Carr,Baylor,B12,33,Wing G,84.4,4.8,3.6,8,6.4,1.6,118.9,103.4,24.3,57.6,61.8,2.3,17.6,13.7,16.8,3.9,1.6
48,Sr,6-3,Quinn Denker,Northern Colorado,BSky,27,Scoring PG,81.7,4.8,2.7,5.1,4.9,0.1,121.1,112.2,29,53.4,58,2.4,14.7,37.1,12.7,1.1,1.1
49,Jr,7-0,Henri Veesaar,North Carolina,ACC,31,Stretch 4,73.5,4.7,4.2,9.6,6.5,3.1,125.6,95.3,22.7,66.7,66.4,8.1,21.9,13.6,13.7,3.8,1.1
50,Fr,6-5,Darryn Peterson,Kansas,B12,24,Wing G,49.4,4.7,4.3,12.4,8.4,4,114.1,91.3,30.9,52.7,57.8,2.9,11.8,12.5,10.4,2.3,2.9
51,Sr,6-9,Trey Kaufman-Renn,Purdue,B10,37,C,66.5,4.6,3.5,7.1,5.5,1.5,123.7,98,24.9,58,59,13.2,23.7,17.2,12.3,1,0.8
52,Sr,5-10,Dominique Daniels Jr.,Cal Baptist,WAC,33,Combo G,87.1,4.6,3.8,6.4,5.1,1.3,114.2,104.2,31.1,48.6,54.1,2.4,9.4,21.3,12.9,0.3,1.6
53,Sr,6-8,Ethan Potter,Utah Tech,WAC,31,PF/C,78.6,4.6,2.5,4,4.9,-0.9,126.4,111.6,23.7,59.9,63.5,9.3,19.6,13.6,10.7,2.7,1.1
54,Jr,7-0,Nolan Winter,Wisconsin,B10,31,Stretch 4,67.1,4.6,3.6,8.2,6,2.2,133.4,99.9,17.8,62.6,64.8,8.5,23.2,9.5,8.6,4.5,0.9
55,Sr,6-4,Fletcher Loyer,Purdue,B10,39,Combo G,73.1,4.6,3.2,8.1,6.7,1.4,130.7,102.4,19.2,60.2,64.4,0.8,9,11.7,10.9,0.2,1.5
56,Sr,6-2,Duke Miles,Vanderbilt,SEC,28,Pure PG,57.1,4.5,4,10.1,5.4,4.6,121.9,94.8,25.7,51.3,59.5,0.9,10.7,27.4,13.7,0.8,5
57,Sr,6-3,Emanuel Sharp,Houston,B12,37,Combo G,73.3,4.5,4.3,9.4,5.6,3.8,124.6,92.5,23.2,52.7,58.2,3,8.6,11.1,8.8,0.4,2.5
58,Jr,6-4,Mason Falslev,Utah St.,MWC,35,Combo G,80.9,4.4,4.1,8.8,5.8,3,122.5,97.7,22.9,56.9,60.3,5.5,15.3,17.9,12.3,1,3.6
59,Fr,6-4,Brayden Burries,Arizona,B12,39,Wing G,74.3,4.4,4.7,10.4,5.5,4.9,125.2,88.9,21.6,57.2,61.6,2.1,14.5,14.2,12.7,0.7,2.8
60,Sr,6-7,Nick Townsend,Yale,Ivy,28,Wing G,80.8,4.4,3.1,6,5.8,0.2,123,107.8,25.7,57.5,61.6,8.2,17.8,24.3,16.8,0.5,1.9
61,Sr,6-3,Cruz Davis,Hofstra,CAA,33,Scoring PG,95.6,4.4,3.5,4.2,3.5,0.8,115.8,107.9,27.2,50.7,55.6,1.2,8.7,26.4,14.7,1,1.7
62,Sr,5-11,Tavari Johnson,Akron,MAC,33,Scoring PG,80.7,4.4,2.8,5.1,5.2,-0.1,122.6,109,27.8,58.1,61.7,2.1,7.7,28.2,16.2,1,2.1
63,Sr,6-5,Jaylin Sellers,Providence,BE,33,Wing G,73,4.4,2.5,5.6,5.9,-0.3,121,109.8,25.2,56.7,61.5,3.7,11.1,10.6,12.9,0.8,1.7
64,Sr,6-9,Joshua Jefferson,Iowa St.,B12,35,Wing F,73.1,4.4,5.1,11.6,6.1,5.5,115.2,87.2,28.6,51.7,56,7.2,21.8,27.7,16.7,3.4,3.1
65,So,6-9,Flory Bidunga,Kansas,B12,35,C,78.3,4.4,5,9.3,4.3,5.1,123.4,88.8,19.6,64,64.7,11.2,18.4,9.7,14.6,9,1.4
66,Sr,6-2,Kylan Boswell,Illinois,B10,30,Combo G,60.1,4.4,3.6,5.8,3.4,2.4,126.3,99.8,20.6,50.7,55.9,5.5,9.3,17.7,10.9,0,1.5
67,Sr,6-8,Alex Karaban,Connecticut,BE,40,Wing F,85.1,4.4,4.6,7.8,4.9,2.9,125.6,95.2,17.6,55.9,59,6.4,11.8,12.4,10.8,2.8,1.5
68,Fr,6-9,David Mirkovic,Illinois,B10,37,Stretch 4,72.7,4.4,4,8.4,5.8,2.5,122.7,95.1,23.3,56.2,59.1,10,20.2,16.2,16.9,1.5,0.9
69,So,6-9,Morez Johnson Jr.,Michigan,B10,40,PF/C,62.6,4.3,4.2,10.1,5.7,4.4,131.1,86.4,21.1,64.2,67.7,12.8,18.9,8.4,14,4.8,1.5
70,Sr,6-3,Tre Donaldson,Miami FL,ACC,35,Scoring PG,85.1,4.3,3.9,6.2,4.6,1.6,118.9,101,24.4,52,55.3,2.2,10.4,29.6,14.6,0.7,2.3
71,Sr,6-4,MJ Collins,Utah St.,MWC,35,Combo G,77.3,4.3,3,5.2,5.3,-0.1,124,106,22.4,57,61.1,2,7.1,10,8.6,0.3,1.6
72,Jr,6-5,Ryan Prather Jr.,Robert Morris,Horz,31,Combo G,85.2,4.3,2.6,5,4.9,0,132.2,112,20.6,54.7,57.8,5,8.4,20.4,7.1,0.2,1.5
73,Sr,6-1,Tamin Lipsey,Iowa St.,B12,34,Scoring PG,72.2,4.3,4.9,9.9,4.7,5.2,120.3,89.9,22.9,51.6,54,5.2,9.8,28,12.4,0.1,4.2
74,Jr,6-4,PJ Haggerty,Kansas St.,B12,31,Combo G,85.2,4.3,3.4,3.2,3.5,-0.4,107,106.5,32,52.5,55.7,3.9,12.8,22.9,15.9,0.1,1.8
75,Sr,5-10,Nijel Pack,Oklahoma,SEC,37,Scoring PG,75.3,4.3,2.7,7.2,7.2,0,122.7,108.5,24,60.2,62,1.8,9.4,20.8,14.6,1.1,1.4
76,Sr,6-10,Tarris Reed Jr.,Connecticut,BE,35,C,59.4,4.3,4.6,11.6,6.2,5.4,119.6,85.1,26.5,60.7,61.4,14.2,24.5,17.8,15.6,8.4,2
77,So,6-5,Teagan Moore,Western Kentucky,CUSA,25,Wing G,61.1,4.3,2.7,6.7,6.4,0.3,125.7,107.5,26.5,59.3,65.3,7.2,13.5,14,12.9,1.3,1.9
78,Jr,6-1,Dra Gibbs-Lawhorn,UNLV,MWC,34,Combo G,85.2,4.3,2.9,5.2,5.3,-0.1,116.6,109.6,25.6,59.1,62.1,1.6,9,15.7,15.4,1.7,2.3
79,Jr,6-0,Josh Hubbard,Mississippi St.,SEC,32,Scoring PG,82.4,4.3,2.9,5.2,5.6,-0.3,109.8,108.6,31.4,50.6,54.4,0.9,6.8,22.5,12.6,0.3,2
80,Jr,6-5,Kevin Overton,Auburn,SEC,38,Wing G,78.5,4.3,3,4.6,4,0.6,128.4,107,17.7,57.2,61.6,2.8,9.6,7.3,10.6,0.8,2.1
81,So,6-2,Daniel Freitag,Buffalo,MAC,21,Scoring PG,58.2,4.3,2.2,3.8,4.8,-1,118.8,115.3,29.1,50.7,58.6,2.4,13.6,23.5,11.2,1.2,2.4
82,So,6-0,Carson Johnson,Denver,Sum,29,Combo G,90.1,4.2,1,-0.3,3.4,-3.7,121.7,126.4,24.4,53,58.6,0.6,5.7,15.5,9.5,0.2,0.8
83,So,6-6,Isaac Celiscar,Yale,Ivy,29,Wing G,78,4.2,2.8,5.4,4.7,0.7,132.6,108.6,19.8,61.1,65.3,7.4,17,18.4,13.5,1.2,1.5
84,Sr,6-9,Malik Reneau,Miami FL,ACC,35,PF/C,72.5,4.2,3.7,7.3,5.4,1.9,116.4,98,30.1,57,61.8,10.2,16.6,13.8,18.6,3.3,2.1
85,Sr,5-11,Brody Robinson,Oakland,Horz,31,Pure PG,90.8,4.2,2.1,2,4,-2,120.3,117.8,24.2,51.8,60.2,0.9,7.6,31.4,16.4,0.1,2
86,Jr,5-10,Tijan Saine Jr.,Weber St.,BSky,30,Scoring PG,83.1,4.2,2.1,3.1,4.5,-1.3,123.9,116.6,24.5,52.2,60.7,1,7.3,25,12.9,0,1.8
87,Jr,6-1,Tariq Francis,Rutgers,B10,34,Scoring PG,68.7,4.2,2.5,6.9,5.6,1.2,117.4,108.1,29.3,47.9,55.9,1.3,8.7,25.7,8.7,0.1,2.2
88,Jr,6-3,Terrence Brown,Utah,B12,32,Scoring PG,78.6,4.2,2.6,3.1,3.7,-0.7,108.1,110.6,32.9,48.6,54,1.3,7.6,27.7,13.7,0.3,2.6
89,Jr,6-4,Jake Fiegen,Cornell,Ivy,22,Wing G,57.5,4.1,1.5,5.2,7.2,-2,130.6,118.1,23.9,63.9,66.1,7.1,15.3,14.4,9.8,1.4,2
90,Sr,6-4,Jayden Stone,Missouri,SEC,26,Wing G,58.8,4.1,3.3,7.2,5.7,1.5,130,102.3,18.2,59.3,63.3,3.5,16.1,11.6,10.5,0.9,1.7
91,Sr,6-10,Logan Duncomb,Winthrop,BSth,30,C,59.8,4.1,2.4,8.1,7.7,0.3,125.5,106.2,31.4,58.7,64.5,14.8,22.6,15.6,13.8,3.7,1.8
92,Fr,6-9,Allen Graves,Santa Clara,WCC,34,Stretch 4,57,4.1,3.1,12.7,8.5,4.2,135.4,94.6,22.4,58.2,61.5,13.9,20,13.8,8.2,5,4.9
93,Sr,6-10,Duke Brennan,Villanova,BE,32,C,74.2,4.1,3.9,5.9,4.3,1.7,122.8,97.3,21.1,65.8,65.4,15.1,24,12,18.3,1.9,1.6
94,Sr,6-2,Jed Miller,Montana St.,BSky,29,Wing G,89.1,4.1,3.3,4.8,4,0.8,126.8,108,20.4,57.8,61.3,5.8,13.6,15,10.9,0.4,2.5
95,Sr,6-1,Don McHenry,Utah,B12,32,Combo G,76.9,4.1,2.3,4,5.4,-1.4,118.6,113.3,24,53.7,57.7,2,8.5,12,7.9,0,1.2
96,So,6-8,DeSean Goode,Robert Morris,Horz,31,PF/C,76.8,4.1,3,6.1,5.6,0.5,135.7,106.1,19.7,69.9,71.4,11.5,21.3,8.5,14.3,1.9,1.6
97,So,6-5,"Paul McNeil, Jr.",N.C. State,ACC,34,Wing G,70.7,4.1,2.8,6.3,6.4,-0.1,131.3,105.9,18.2,59.7,63.5,3.2,11,5.2,4.6,1.7,1.2
98,Sr,5-10,Daeshun Ruffin,Jackson St.,SWAC,28,Pure PG,70.8,4.1,1.6,2.6,4.2,-1.7,107.9,120.6,36.2,47.2,55.3,1.7,7.5,45.2,17.4,0.5,2.7
99,So,6-5,Gavin Doty,Siena,MAAC,35,Wing G,91.6,4.1,3.5,4.8,4.1,0.6,122,106.7,23.4,50.8,57,5,17.4,13.1,7.3,0.2,2.1
100,So,6-3,Terrence Hill Jr.,VCU,A10,36,Scoring PG,62.3,4.1,2.5,7.5,7,0.4,128,106,25,57.6,62.2,1.4,10.4,23.9,10.2,0.2,1.3
101,Fr,6-5,Tounde Yessoufou,Baylor,B12,33,Wing G,81.7,4,3.6,4.9,3.9,1,113,102.8,25.4,51.1,54.1,8.7,12,8.9,13.1,1.9,3.3
102,So,6-3,Joshua Dent,Saint Mary's,WCC,32,Pure PG,91.1,4,4.6,5.8,2.8,3,122.1,97.8,19,55.6,60.9,1,6.7,28.8,20.4,0.5,2.6
103,Fr,6-4,Jake Hall,New Mexico,MWC,36,Combo G,78.6,4,3.4,5.9,5.2,0.7,125.8,103.4,19.9,61,63.3,2,9.5,9.9,9.8,0.1,1.5
104,Sr,6-6,Quadir Copeland,N.C. State,ACC,34,Pure PG,71.3,4,3.3,6.3,3.7,2.6,116.2,100.8,28.1,53,59.2,2.4,11.9,41.8,20.1,0.6,3.6
105,So,6-1,John Mobley Jr.,Ohio St.,B10,31,Scoring PG,71.4,4,3.2,5.5,5.3,0.1,117.8,104.9,23.5,56.7,60.4,1.5,7.7,17,14.9,0.4,1.4
106,Sr,6-2,Miles Barnstable,Tulsa,Amer,36,Wing G,75.7,4,2.7,5.2,5,0.2,131.6,108.4,18.4,59.7,64.5,3.7,10.3,8.7,9.7,1.3,1.5
107,Fr,6-6,Lewis Walker,North Carolina A&T,CAA,28,Wing G,85.5,4,1.9,1.1,3.1,-1.9,124.1,118.4,23.3,54.9,63.5,3.4,12.9,10.9,12.6,0.2,1.1
108,Sr,6-3,Ryan Conwell,Louisville,ACC,34,Combo G,75,4,4,5.9,4.3,1.5,113.2,96.7,27.5,52.1,56.6,2.3,14.4,16.5,14.2,0.6,2
109,So,6-6,Isaiah Evans,Duke,ACC,38,Wing G,70.5,3.9,4.1,8.2,5.8,2.4,122.4,92.2,21.8,55,59,1.7,10.7,8.4,11,2.9,1.5
110,Fr,6-1,Preston Edmead,Hofstra,CAA,33,Scoring PG,85.6,3.9,2.9,3.7,4,-0.3,118.6,110.4,25,51.4,57.1,2.7,8.6,25.4,15.7,0,0.8
111,Sr,6-5,Corey Camper Jr.,Nevada,MWC,33,Wing G,71,3.9,3.4,7.2,5.7,1.5,119.1,103.5,23.6,53.6,57.4,3.7,13.7,18.7,9.7,1.1,2.1
112,Sr,6-2,Jadin Booth,Samford,SC,29,Combo G,88.2,3.9,2.6,3.7,4.7,-1,122.7,113.8,24,59.4,64.2,0.9,10.4,12.7,10.4,0.2,1.8
113,Fr,6-5,Meleek Thomas,Arkansas,SEC,37,Combo G,75.2,3.9,3.4,5.9,4.3,1.6,120.3,101.9,22.1,52.2,55.9,3.5,10.8,13.2,8.2,0.6,2.8
114,Fr,6-5,Mikel Brown Jr.,Louisville,ACC,21,Scoring PG,43.8,3.9,3.7,5.4,4.2,1.2,111.9,98.3,31,51.1,57.7,0.2,12.1,30.3,19.3,0.5,2.4
115,Jr,6-4,Rowan Brumbaugh,Tulane,Amer,32,Combo G,89.5,3.9,2.8,3.5,3.9,-0.4,112.3,111.8,27,52.2,59.1,2.9,12.2,23.2,14.3,0.6,2.5
116,Sr,6-4,Otega Oweh,Kentucky,SEC,36,Combo G,81.6,3.9,4.2,5.9,3.3,2.6,111.2,97,27.1,51,55.4,3.3,12.9,16.3,13.3,0.9,3.1
117,Sr,6-10,Izaiyah Nelson,South Florida,Amer,33,C,67.2,3.9,3.8,8.6,5.7,2.8,126.3,94,23.7,56.5,60.9,14.4,21,8.8,11.2,5.9,3.3
118,So,7-0,Matas Vokietaitis,Texas,SEC,35,C,65,3.9,2.8,3.5,3.4,0,118.7,103.2,27.7,61,63.9,12.2,19.5,5.1,16.3,3.4,0.4
119,Sr,6-0,Sam Hoiberg,Nebraska,B10,35,Scoring PG,80.3,3.8,5.1,8.1,1.7,6.4,129.7,88.8,15.3,61.1,63.1,3.5,15,24.4,14.6,0.4,3.7
120,Jr,6-11,Alex Condon,Florida,SEC,34,PF/C,74.2,3.8,4.6,9.5,4.8,4.8,117.6,90.9,23.6,56.9,59.4,8.2,17.4,20,18.7,4.6,1.2
121,Sr,6-7,Chad Baker-Mazara,USC,B10,25,Stretch 4,59.1,3.8,3.2,8,6.1,1.9,114.1,102.9,27.6,53.5,60,2.1,13.4,19.8,16.4,4.7,1.4
122,Jr,6-3,Baraka Okojie,Mercer,SC,29,Scoring PG,87.7,3.8,2.2,1.5,2.9,-1.3,116,116.7,29.4,47.5,57,2.1,7.3,28.5,15.5,0.2,2.2
123,Jr,6-4,Finley Bizjack,Butler,BE,31,Combo G,81,3.8,2.8,2.6,3.5,-0.9,116.7,109.9,22.3,51.4,57.7,1.8,5.5,14.6,13.1,0.3,1.2
124,Sr,6-6,Jakobi Heady,Bethune Cookman,SWAC,31,Wing G,88.4,3.8,2.6,3.7,3.7,0,123.2,112.8,21.4,58,64.5,4.7,11,10.4,13.5,0.4,2.3
125,Sr,6-7,J'Vonne Hadley,Louisville,ACC,34,Wing G,68,3.8,3.7,7.4,4.3,3.1,131.2,96.4,16.3,63.3,64.8,5.1,14.8,11.2,10.5,1.2,2
126,Sr,6-1,Benny Gealer,Stanford,ACC,33,Combo G,73.4,3.8,3.1,5.8,3.4,2.4,132.9,104,15,60.3,63.5,1.8,8.8,10.9,9.3,0.5,3.1
127,Sr,6-3,Nick Anderson,Rice,Amer,29,Wing G,73.9,3.8,2.2,5.9,5.9,0,125.5,113,22,56.5,60.4,3.6,12.6,8.4,9.6,1.1,2.4
128,Sr,6-10,KeShawn Murphy,Auburn,SEC,31,PF/C,48.2,3.8,2.9,8.1,6.3,1.8,130.1,99.2,20.1,58.9,61.8,12.7,20.7,10.5,11.3,4.6,2.3
129,Fr,6-10,Nate Ament,Tennessee,SEC,35,Wing F,69.5,3.8,4.2,7.2,4.5,2.7,113.3,93.2,27.8,45.2,53.4,6.7,17,14.8,16.2,2.7,1.9
130,Sr,6-3,Jaden Bradley,Arizona,B12,39,Scoring PG,76.2,3.8,4.5,7.5,3.2,4.4,119.3,91.7,21.1,49.9,56.8,1.8,9.5,23.2,15.1,0.3,2.6
131,Sr,6-2,Donovan Dent,UCLA,B10,35,Pure PG,82.8,3.8,4,4.9,3.1,1.8,109.5,100.3,26.3,43,46.7,1.7,8.6,41.6,12.4,1.3,3
132,Sr,6-3,B.J. Edwards,SMU,ACC,28,Combo G,67.8,3.8,3.9,7.1,3.9,3.2,120.9,99.8,19.7,55.1,57.9,4.4,15.2,23.8,16.8,0.7,4
133,Sr,6-5,Anthony Roy,Oklahoma St.,B12,31,Wing G,62.9,3.8,2.6,5.3,6.2,-0.9,118.3,108.1,23.3,55.5,60.9,2.5,12.8,8.6,12.7,0.9,1
134,Sr,6-2,Camren Hunter,Central Arkansas,ASun,32,Combo G,77.9,3.8,2.7,6.5,6.4,0.1,120.3,109.6,29,58,61.3,4.2,12,19.8,11.6,1.2,2.5
135,Sr,6-7,Rashaun Agee,Texas A&M,SEC,34,Stretch 4,65.5,3.8,3.5,8.6,5.9,2.7,122.2,95.9,25.1,52.7,58.1,10.5,24.8,16.7,10.9,3.4,2
136,Sr,6-1,Keon Thompson,Stephen F. Austin,Slnd,32,Scoring PG,75.5,3.8,3.2,5,3.8,1.2,111.8,104.3,33.3,52.4,56,4,14.5,32.5,16.5,0.5,2.2
137,Sr,6-5,Tyler Lundblade,Belmont,MVC,31,Combo G,85.9,3.8,2.4,1.8,3.8,-2,127.8,114.2,17.5,59.7,64,0.6,7.6,8.8,8.8,0.1,0.5
138,Jr,6-2,Xzayvier Brown,Oklahoma,SEC,37,Combo G,79.8,3.8,3.1,4.3,3.4,0.9,118,106.6,22.7,52.6,57,1.4,9.8,19.1,13.1,0.7,2.3
139,Sr,6-7,Tre White,Kansas,B12,35,Wing F,77.8,3.8,4.3,6,3.8,2.2,115.9,94.8,21.3,53.5,60,7,14.9,10.7,16.1,1.3,1.1
140,Sr,6-10,Parsa Fallah,Oklahoma St.,B12,26,Wing F,48.4,3.7,2.8,6.5,5.4,1.1,123,103.9,22.2,62.3,64.2,9.8,14.8,6.3,12.4,1.9,2.4
141,Fr,6-9,Thijs De Ridder,Virginia,ACC,36,Stretch 4,68.2,3.7,3.5,6.2,4.8,1.4,118.6,97.3,26.5,55.9,59.1,9.9,14.7,11.7,14.6,1.9,1.8
142,Sr,6-10,Robbie Avila,Saint Louis,A10,34,Wing F,66.3,3.7,3.2,8.1,5.8,2.3,126.6,99.9,22.2,60.2,64.4,2.9,14.5,25.9,16.6,2.3,1.4
143,So,6-4,Zoom Diallo,Washington,B10,33,Scoring PG,73.3,3.7,3.2,4.2,3.5,0.7,112.5,103.2,28.5,51.7,56.3,3.6,11.7,30.3,17.8,0,1.3
144,Jr,6-5,Blue Cain,Georgia,SEC,33,Wing G,68.4,3.7,3.2,6.9,5.3,1.6,126.9,100.9,20.2,53.6,58.3,6.1,13.4,15.8,10.5,0.7,2.7
145,Jr,6-5,Michael McNair,Boston University,Pat,33,Wing G,89.6,3.7,1.7,2.8,4.8,-1.9,125,120.4,21.1,60.9,62.7,3.8,14,12.3,10.3,1.2,1.8
146,So,6-4,Trent Perry,UCLA,B10,35,Combo G,72,3.7,3.2,5.6,3.8,1.7,120.3,103.1,21,51.5,59.2,3.2,9,16.8,13,0.6,1.9
147,So,5-9,Jaquan Johnson,Bradley,MVC,33,Scoring PG,73.7,3.7,3.2,6.9,4.2,2.7,116.2,103.1,28.2,48.3,55.3,3.6,12.1,25.3,9.8,0.1,4.6
148,Sr,6-10,Trevon Brazile,Arkansas,SEC,36,Stretch 4,75.6,3.7,4.1,8.1,4.8,3.3,125.3,96.5,17.2,59.5,61.9,5.8,20.6,7.6,10.8,5.2,2.6
149,Fr,6-4,Gavin Sykes,Long Beach St.,BW,26,Wing G,72.3,3.7,2.1,1.9,4.5,-2.5,116.6,116.4,24.7,54.5,58.6,1.7,9.3,9.7,8.3,0.9,0.5
150,Jr,6-3,Jalen Cox,Colgate,Pat,29,Scoring PG,79.7,3.7,2.8,3.5,3,0.6,116.5,110.8,28,53.9,59.1,2.3,15.5,31.5,15.1,0.9,2.9
151,Sr,6-11,Rafael Castro,George Washington,A10,28,C,56.8,3.7,3.6,8.9,5.5,3.4,122.4,96.5,24.7,62.8,64.7,11.8,26.3,12.7,16,7.9,3.5
152,Sr,6-3,Derrian Ford,Temple,Amer,30,Wing G,86.4,3.7,2.6,1.3,3.1,-1.8,114.7,113.6,24.8,48.7,56.5,2.8,11.7,11.5,10.8,0.2,1.1
153,Sr,6-2,Meechie Johnson,South Carolina,SEC,32,Scoring PG,77.7,3.7,3.2,5.7,4.3,1.4,111.6,104.5,29,49,56.6,1.1,11.4,29.4,14.8,0.4,2.3
154,So,6-5,Nolan Minessale,St. Thomas,Sum,31,Scoring PG,79.1,3.7,3.2,4.6,3.3,1.3,114.2,105.5,31.6,54,58.8,2.9,13.8,25.9,13.7,2,3.1
155,Jr,6-7,Andrej Stojakovic,Illinois,B10,34,Wing F,59.7,3.7,3.3,5.1,3.5,1.6,119.5,97.8,23.8,53,57.8,6,13.1,7.4,12.7,1.9,0.9
156,Fr,6-7,Stefan Vaaks,Providence,BE,31,Combo G,72.1,3.7,2.3,3.5,4.6,-1,115.4,112.4,23.4,52.2,56.7,1.7,6.7,18.1,14.3,0.8,1.5
157,Sr,6-2,Kamrin Oriol,North Florida,ASun,30,Scoring PG,89.8,3.7,0.8,-0.5,3.3,-3.8,114.1,127.6,27.4,58.1,62.3,0.7,8.1,25.1,18.4,0.3,1.2
158,Jr,6-4,Money Williams,Montana,BSky,30,Scoring PG,79.6,3.7,2.8,2.4,2.7,-0.3,108,109.2,35.5,54.7,61.8,2.2,12.5,32.8,21.2,1,1.7
159,Sr,6-2,Jackson Paveletzke,Ohio,MAC,30,Scoring PG,91.7,3.7,2.1,0.6,2.5,-1.9,116.1,117.5,24.2,51.1,58,1.4,8.1,26.8,14.5,0,1.3
160,Sr,6-9,Jaxon Kohler,Michigan St.,B10,35,PF/C,68.8,3.7,4.1,9.1,6.3,2.8,124,91.1,20.1,58.8,61.5,12.8,25,9,14.7,3.1,1.3
161,Jr,6-4,Tyler Perkins,Villanova,BE,33,Wing G,73.8,3.7,3.6,6.9,5,1.9,120.4,99.4,21.1,53.2,56,5.9,15.7,10.4,7.5,1,2.4
162,Sr,7-0,Nate Bittle,Oregon,B10,25,PF/C,60.5,3.7,3.5,8,5.4,2.6,110.8,101.5,27.7,52.2,56.3,7.9,17.9,19.7,15.3,7,1.7
163,Jr,6-4,Christian Bliss,Delaware,CUSA,30,Scoring PG,97.5,3.7,2.8,1.2,1.8,-0.5,111.7,114,26.5,51.8,58.4,2.4,13.1,33.3,18.4,0.3,2.8
164,Jr,6-1,Sonny Wilson,Toledo,MAC,32,Scoring PG,92.2,3.7,2.6,2,3,-1,117.8,114.2,23.1,54,56.3,3.5,8.4,22,11.2,0.1,2.1
165,Sr,5-10,Kenyon Giles,Wichita St.,Amer,35,Combo G,89.4,3.7,3.9,5.5,3.6,1.9,116.6,102.9,23,51.5,53.5,1.2,6.7,7.8,9.2,0.1,2.7
166,Sr,6-2,Maurice Odum,Arizona St.,B12,33,Pure PG,84.2,3.7,3.4,4,3.8,0.2,108.9,105.4,26.6,51.3,56.3,1.5,8.9,34,20,0.3,2.3
167,Jr,6-8,Tyler Tejada,Towson,CAA,31,Wing F,87,3.6,3.5,4.3,3.4,0.9,115,105.9,25.3,47.9,54.1,3.5,13.4,14.2,11.5,1.4,1.5
168,Sr,6-7,Tyler Nickel,Vanderbilt,SEC,36,Wing G,75.9,3.6,3.4,6.6,5.8,0.8,126,102.5,16.9,59.6,61.7,2.5,9.6,6.9,8,1.9,1.4
169,Sr,6-6,Terry Anderson,High Point,BSth,33,Wing G,69.4,3.6,2.9,5.2,4.7,0.5,125,104.6,25.4,58,62.9,10.1,16,11.9,12.4,1.8,2.9
170,Sr,6-2,Cooper Noard,Cornell,Ivy,26,Wing G,71.1,3.6,1.1,2.2,5.9,-3.8,122.8,122.8,24.9,61.2,65.2,1.4,12.2,12.7,12.7,1,0.8
171,So,6-8,Hamad Mousa,Cal Poly,BW,30,Wing F,76.1,3.6,2.4,3.7,4.7,-1,114.1,112.7,27.2,52.9,60.2,3.7,17.2,12.9,16.3,1.2,1.6
172,So,6-10,Aiden Sherrell,Alabama,SEC,34,PF/C,57.6,3.6,3,8.6,5.5,3.1,129,98.4,19.4,59.5,62.7,10.4,15.2,8.2,11,8.5,1.3
173,So,6-3,Brett Decker Jr.,Liberty,CUSA,31,Wing G,85.3,3.6,1.9,1.3,4.7,-3.4,122,118.6,20.2,62.9,65.3,0.9,7.8,5.6,6.6,0.5,0.5
174,Fr,6-1,Leroy Blyden Jr.,Toledo,MAC,32,Scoring PG,84.8,3.6,2.8,4.2,3.7,0.5,118.9,110.4,23.6,54.5,58.7,2.6,11.5,23.2,13.7,0.9,3
175,Jr,6-8,Rashaud Marshall,Austin Peay,ASun,29,C,75.1,3.6,2.8,3.8,3.6,0.2,130.1,107.4,22.2,65.4,66.6,11.4,15.4,8.1,10,3.3,2
176,Sr,6-5,Denzel Aberdeen,Kentucky,SEC,36,Scoring PG,76.1,3.6,3.2,4.1,3.5,0.6,118.7,103.6,20.9,51.6,56,2.4,6.6,20.3,11.7,0.3,1.3
177,Sr,6-2,Javontae Campbell,Bowling Green,MAC,29,Scoring PG,87.9,3.6,3.9,5.7,2.7,3.1,113,102.1,28.4,51.9,57.3,3.9,10.6,29.7,15.9,0.8,4.4
178,Sr,6-8,Frank Mitchell,St. Bonaventure,A10,33,C,84.3,3.6,3.1,3,3.5,-0.5,112.3,108.2,26.5,56.3,57.3,14.8,21.1,16.4,18,1.8,2.6
179,Jr,6-4,Silas Demary Jr.,Connecticut,BE,39,Pure PG,68.8,3.6,4.3,8.1,3.4,4.8,117.4,90.7,22.5,50.9,57.2,4.3,14.3,35.8,21.3,1.1,3.4
180,Sr,6-6,Jaron Pierre Jr.,SMU,ACC,34,Wing G,82.4,3.6,3.4,3.8,3.7,0,113.9,104.5,23.3,54.5,56.7,2.6,13.7,11.1,13.6,1.7,1.7
181,Fr,6-8,Koa Peat,Arizona,B12,36,Wing F,63.9,3.6,4,7.4,4.3,3.1,116.2,92.4,24.4,53.7,55.7,9.1,12.5,16.7,13.3,2.5,1.3
182,So,6-4,Christian Hammond,Santa Clara,WCC,33,Combo G,73.4,3.5,2.9,3.7,3.5,0.3,117.4,106.9,22.9,54.8,58,2,9,14.6,14,0.2,2.1
183,Fr,6-4,Larry Johnson,McNeese St.,Slnd,32,Wing G,63.8,3.5,3,6.2,5.8,0.4,117.4,100.5,30.5,50.1,55.2,7.5,18,12.6,8.6,0,2.8
184,Sr,6-2,Tarence Guinyard,Duquesne,A10,30,Scoring PG,81.1,3.5,2.9,3.5,3.6,-0.1,114.5,109.5,24.9,54.5,58.3,1.3,10.1,28.4,16,0,2.2
185,Jr,6-2,Ryan Sabol,Buffalo,MAC,30,Combo G,91.1,3.5,1.8,0.8,4.2,-3.4,115.7,120.4,24.7,54.7,57.9,2.1,9.1,18.8,12.1,0.2,1.1
186,Sr,6-5,Tramon Mark,Texas,SEC,35,Wing G,70.6,3.5,3,5.8,4.5,1.3,120,104.1,22.1,53.6,56.7,4.1,10,11.8,10.4,2,1.9
187,Sr,6-5,Peter Suder,Miami OH,MAC,30,Combo G,76.6,3.5,3,3.8,2.7,1,122.9,107.4,23,59.3,62.1,5.2,11.6,22.7,14.5,1.3,2.3
188,So,6-11,Patrick Ngongba,Duke,ACC,32,C,46.1,3.5,3.6,9.4,4.4,5,126.9,87.2,22.5,62.8,64.5,12.4,17.8,16.7,16,6,1.6
189,Jr,7-2,Motiejus Krivas,Arizona,B12,39,C,63.2,3.5,4.3,9.6,4.4,5.2,126.5,85.6,19,57.7,63.8,14.4,19.8,7,15.8,7.5,1.6
190,Sr,6-1,Jason Edwards,Providence,BE,23,Scoring PG,45.1,3.5,2,3.2,4.3,-1,114.3,112.3,28.5,51.6,56.3,0.8,10.3,21.9,13.1,0.2,1.7
191,Sr,6-7,Javan Buchanan,Boise St.,MWC,29,Wing F,66.3,3.5,2.9,5.1,3.9,1.3,120.4,103.5,22.8,48.1,55.8,8.5,14.5,11.7,10.1,0.7,1.5
192,Jr,6-8,Amani Hansberry,Virginia Tech,ACC,30,Stretch 4,70.1,3.5,3.8,6.8,4.2,2.6,115,98.1,24.5,54.5,57.6,11,17.2,15.8,16.2,2.5,2.8
193,Sr,5-10,Honor Huff,West Virginia,B12,35,Combo G,88.2,3.5,4.1,4,2.7,1.3,112.7,101,22.8,50,56.8,0.7,6.9,11.8,13.2,0,1.7
194,Jr,5-10,Darryl Simmons II,St. Bonaventure,A10,33,Combo G,88.9,3.5,2.1,-0.2,2.1,-2.3,117.8,117.6,20.5,54,56.8,0.9,5.5,15,11.7,0,1.4
195,Sr,6-10,Aidan Kehoe,Navy,Pat,32,C,84.7,3.5,4.1,6.5,4.6,1.9,126.4,99.4,21,72.9,68,13.9,24,15.5,15.1,4.8,2.2
196,Sr,6-7,Bryce Hopkins,St. John's,BE,37,Wing G,71.8,3.5,4.1,7.3,4.5,2.8,116.8,93.2,22,51.4,55.8,7.3,16.4,12.7,11.3,0.9,2.1
197,Fr,6-7,Amari Allen,Alabama,SEC,32,Wing F,64,3.5,3.5,6.8,4,2.9,121.8,98.5,19.3,53.3,57,6.1,17.9,18.1,13.6,2.2,2
198,Jr,6-3,Corey Hadnot II,Purdue Fort Wayne,Horz,29,Combo G,86.2,3.5,2.6,3.8,3.7,0.1,112.7,112.3,28.9,56.8,58.8,1.4,11.9,23.7,12.6,1.2,3.1
199,Sr,6-6,Chaze Harris,South Alabama,SB,31,Pure PG,80.2,3.5,2.8,3.5,2.8,0.7,106.9,109.2,36.2,54.1,55.8,5.1,11.3,38,16.9,1.5,3
200,Jr,6-6,Devin Royal,Ohio St.,B10,32,Wing F,75.6,3.5,3.6,2.9,2.2,0.7,114.3,101.7,21.6,52.5,57.8,6.5,14.9,9.3,14.5,0.6,1.2
201,So,6-7,"Darin Smith, Jr.",Central Connecticut,NEC,28,Wing F,83.6,3.4,1.6,-0.4,2.8,-3.2,113.7,120.3,29.8,50.2,57.3,4.9,13.6,7.9,10.5,0.8,1.2
202,Sr,6-3,Seth Trimble,North Carolina,ACC,24,Combo G,58.8,3.4,4.1,4.1,1.9,2.2,113.4,97.9,21.7,50.8,54.8,3.6,9.1,16.6,11.3,0.6,2.3
203,Sr,6-5,Kody Clouet,Winthrop,BSth,31,Wing G,74.8,3.4,2.3,4.7,5,-0.3,132.1,111.8,17.6,59.4,63.9,3.9,13.9,9.4,9.1,0.9,1.6
204,Sr,6-4,Robert McCray V,Florida St.,ACC,33,Pure PG,72.2,3.4,3,5.1,4.2,0.9,106.7,104.1,32.3,51.5,54.8,3.3,11.4,43.8,21.5,2.1,2.5
205,Jr,6-9,Jake Ensminger,Santa Clara,WCC,31,Stretch 4,65.8,3.4,2.9,5.2,3.5,1.7,139.2,105.3,10.9,66.1,66.8,7.9,14.8,14.6,17,0.8,1.9
206,Sr,6-7,Brian Waddell,Bellarmine,ASun,30,Wing G,79.1,3.4,0.8,-0.4,3.1,-3.5,126.4,127.3,21.2,66.4,68.8,4.5,13.3,13.4,14.6,2.1,1.3
207,Jr,6-11,Drew Fielder,Boise St.,MWC,30,Stretch 4,57.7,3.4,2.6,7,5.9,1.2,119.4,101.9,27.9,59,62.6,9.3,19.5,11.7,15.5,2.6,1
208,Jr,6-0,Jordan Frison,Chattanooga,SC,29,Scoring PG,78.1,3.4,1.6,1.5,3.2,-1.7,122.5,119.6,25.4,60.7,64.1,1.7,10.7,29.6,13.7,0.5,1.5
209,So,6-1,Jeremiah Wilkinson,Georgia,SEC,31,Combo G,59.4,3.4,2.8,5.8,4.9,0.9,116.4,102.8,28.1,50.6,55.6,1.6,6.8,12.5,10.2,1.1,3.3
210,Jr,6-11,Cooper Bowser,Furman,SC,22,C,50.9,3.4,2.8,4.9,3.2,1.8,132.8,107.6,18,75.2,74,6,15.9,11.6,15.2,4.9,0.6
211,Sr,6-7,Elias Ralph,Pacific,WCC,31,Wing F,87.1,3.4,3.7,4.6,3.4,1.2,114.3,103.7,23.5,52.8,57.6,7,15.2,11.3,15.8,3.5,1.6
212,Sr,6-6,Justin Neely,UNC Greensboro,SC,32,PF/C,81.5,3.4,2.3,2.9,4.1,-1.2,119.4,114.2,26.3,55.6,62.8,8.5,32.1,15.3,15.9,0.7,1.5
213,So,6-5,Aiden Tobiason,Temple,Amer,31,Wing G,88.5,3.4,2.8,2.6,2.4,0.2,119,111.5,20.2,54.8,60.1,1.5,11.1,12,11.6,0.6,2.1
214,Jr,6-9,Keanu Dawes,Utah,B12,32,Stretch 4,76.6,3.4,2.9,4.4,4.2,0.3,118.3,107.1,19.9,60.5,62.8,7.5,25.8,13.8,17.3,1.2,1
215,So,6-6,Chance Westry,UAB,Amer,31,Pure PG,76.6,3.4,2.9,5.6,4.1,1.5,116.5,106.8,25.6,51,56,3.8,9.2,34.3,13.6,1.7,2.3
216,Sr,6-0,DeJour Reaves,Fordham,A10,29,Scoring PG,86,3.4,3.8,5.2,2.6,2.6,110.7,102.5,28,49.9,54.7,3.2,11.3,24.4,15.3,0.8,3.3
217,So,5-11,Amir Lindsey,Albany,AE,29,Scoring PG,95.8,3.4,1.5,-0.5,2,-2.5,114.9,123,25,50.6,54.6,1.5,9.1,26.2,13.4,0,2
218,Sr,6-1,Isaiah Moses,Eastern Washington,BSky,32,Scoring PG,83,3.4,1.9,1.3,3.6,-2.3,113.4,117.9,26.7,52.6,59.4,1.7,9.8,24.3,19.2,0.3,1.4
219,Sr,6-9,Marquel Sutton,LSU,SEC,32,Stretch 4,76.1,3.4,3,2.8,3.2,-0.4,120.7,105.5,19.1,51.2,57.2,8.8,17.5,3.9,9.4,1,1.1
220,Sr,6-7,Tre Carroll,Xavier,BE,32,Stretch 4,76.1,3.4,3,4.7,4.4,0.3,107.9,107,26.6,55.2,57.4,4.2,16.6,17.2,14.8,4.1,1.3
221,Jr,5-11,Ryan Beasley,San Francisco,WCC,30,Scoring PG,79.3,3.4,2.9,2.5,2.1,0.4,115.3,109.3,21.8,48.2,54.9,1.9,9.8,24.9,13.7,0.4,2.1
222,Jr,6-10,Kwame Evans Jr.,Oregon,B10,30,Stretch 4,72,3.4,3.7,5.8,3.6,2.3,113.7,100,22.4,51.1,58.1,8.2,20,13.5,16.5,5,1.9
223,Sr,6-7,David Green,Tulsa,Amer,34,Wing F,63.8,3.4,2.6,4.4,4.2,0.2,119,106.5,25.3,57.4,59.9,4.6,14,12.8,11.8,2.9,1.3
224,Sr,6-4,Jordan Riley,East Carolina,Amer,30,Wing G,93.4,3.4,3.3,4.2,3.8,0.4,104.3,108.8,32.1,44.7,49.9,4.5,13.5,16.4,11.1,1.5,3
225,Jr,7-3,Aday Mara,Michigan,B10,40,C,58.3,3.4,4.1,12.7,5.2,7.6,119.5,83.9,23.8,67.3,65.8,10.4,20.4,19,19.8,12,0.8
226,Jr,6-9,Jordan Burks,UCF,B12,33,Wing F,69.8,3.4,3,6.2,4.7,1.5,120.9,103.5,19.3,54.5,58.1,5.4,14.1,4.2,9.2,2,2.1
227,Jr,6-3,Tylen Riley,Tulsa,Amer,36,Scoring PG,69.5,3.4,2.7,2.4,2.3,0.1,113.6,106.7,28.9,47.4,57.3,2.7,12.6,30.5,19.1,0.6,1.9
228,Sr,6-9,Ezra Ausar,USC,B10,31,C,74.2,3.3,3.4,3.3,2,1.4,114.5,101.4,23.4,57.6,61.4,9.9,15.1,11.7,16.7,1.6,1.9
229,Sr,6-5,Nate Kingz,Syracuse,ACC,32,Wing G,76.8,3.3,3.1,5.1,3.9,1.2,123.7,105.5,16.4,60.5,61,3.4,9.8,7.6,8.2,2,1.6
230,Jr,7-1,Tomislav Ivisic,Illinois,B10,34,PF/C,57.5,3.3,3.3,6.9,4.3,2.6,122.7,96,19.9,57.6,59.7,8,16.7,11.2,16.4,2.6,0.7
231,So,6-1,Tahaad Pettiford,Auburn,SEC,38,Combo G,79.9,3.3,3.1,2.7,2.7,0,109.4,106.6,25.2,46.6,51.4,1.5,9.6,22.5,16,2.1,1.9
232,Fr,6-2,Kevair Kennedy,Merrimack,MAAC,34,Scoring PG,91,3.3,3.3,1.7,1.8,-0.1,107.6,108.2,30.4,46.6,55.6,4.6,10.6,29.1,16.8,0.3,3.2
233,Sr,6-1,Jordan Pope,Texas,SEC,35,Combo G,72.3,3.3,2.6,2.4,3.2,-0.8,120.2,108.5,20.1,50.5,54.9,2,6.5,10.8,8.8,0.2,0.8
234,So,5-11,Ben Hammond,Virginia Tech,ACC,32,Scoring PG,76.6,3.3,3.5,5.6,2.2,3.4,118.6,101.7,20.6,51,57.5,1.4,7.1,19.2,13.1,0.3,3.7
235,Sr,6-8,Chandler Cuthrell,Elon,CAA,30,Wing F,70.4,3.3,2,2.1,3.7,-1.6,111,113.6,33.7,51.1,56.9,7.5,18.6,13.6,14.1,1.6,2.3
236,Sr,6-0,D.J. Smith,Campbell,CAA,32,Combo G,87.6,3.3,2.5,2.1,2.9,-0.7,112.7,113.8,24.9,48.2,54.8,2.8,9.2,11.8,12.6,0.3,2.5
237,So,6-8,Derrion Reid,Oklahoma,SEC,37,Wing F,67.8,3.3,2.4,3.8,4.1,-0.3,125.2,108.4,18.8,57.1,62.1,6.4,12,7.3,11.6,1,1
238,Sr,6-6,Travis Harper II,Tennessee St.,OVC,30,Wing G,79.1,3.3,2.1,3.2,4.5,-1.3,123.5,115.3,21.3,57.6,62.2,3.3,10,6.3,12.5,1.4,2
239,Sr,6-4,Jemel Jones,New Mexico St.,CUSA,29,Combo G,70.6,3.3,2.7,7.2,5.7,1.4,113,107.2,30,46.3,52.7,4.2,12.8,19.7,9.3,2.2,2.8
240,Sr,6-8,RJ Godfrey,Clemson,ACC,35,PF/C,62.5,3.3,3.3,6.6,3.7,2.9,120.6,96.2,23.6,61.5,63.1,8.4,17.1,14.6,14.1,3.1,1.5
241,So,6-1,Damarion Dennis,Wyoming,MWC,31,Wing G,58.1,3.3,2.4,6.3,5.3,1,131.2,105.9,19,58.5,62.6,5.1,11.1,11.9,8.4,1.3,2.1
242,Sr,6-11,Baba Miller,Cincinnati,B12,31,PF/C,74.6,3.3,5.2,8.5,3.1,5.3,112.7,87.5,22.3,54.6,57.6,8.3,27.7,23.3,17.8,4.2,1.3
243,Sr,6-10,Rienk Mast,Nebraska,B10,34,Stretch 4,70.4,3.3,3.9,4.8,3.1,1.6,112.5,95.5,25.8,50.8,54,9.4,13.5,20.8,13.4,1.4,0.8
244,Sr,6-3,Latrell Wrightsell Jr.,Alabama,SEC,27,Combo G,52.3,3.3,3,5.4,3.9,1.5,119.3,102.4,19.6,53.4,56,1.7,9.2,11.8,8.6,0.1,2.1
245,Sr,6-4,Tavarus Webb,Georgia Southern,SB,35,Combo G,80.8,3.3,2.2,2.7,2.8,-0.1,121.8,114.6,21.5,55.9,61.9,4,12.3,14.2,13.6,2.2,2.8
246,Sr,6-5,JJ Harper,Liberty,CUSA,31,Wing G,67.6,3.3,2.2,3.8,2.7,1.1,131.5,111.2,17.4,64.2,66.8,4.5,8.2,9.9,7.2,4,2.8
247,Sr,6-6,Jevin Muniz,Colorado St.,MWC,33,Scoring PG,77.2,3.3,2.7,3.8,2.7,1.1,121.8,108.8,19,54.8,57.3,3.4,12.9,31.1,16.4,0.7,1.8
248,Sr,6-8,Jamichael Stillwell,UCF,B12,31,PF/C,66.1,3.2,3.1,5.1,3.4,1.7,117.3,102.3,21.3,52.6,56.2,13.1,19.5,13.3,15.1,0.6,2.1
249,Jr,6-10,Lazar Djokovic,VCU,A10,35,PF/C,67,3.2,3,4.1,3,1.1,120.6,102.8,21.8,54.2,61.8,7.6,13.6,7.3,13.9,4.5,1.1
250,Jr,5-11,Marcus Millender,Georgia,SEC,33,Scoring PG,64.3,3.2,2.6,4.6,4.6,0,122.1,104.8,21.5,55.6,59.4,2.6,8.6,26,17,0,2
251,Fr,6-0,Nigel James Jr.,Marquette,BE,32,Pure PG,72.2,3.2,3.4,7,4.3,2.6,106.5,100.3,30.3,52,54.7,2.8,10.5,37.3,17.9,1.2,3.7
252,Jr,6-10,Trent Pierce,Missouri,SEC,20,Wing F,42.7,3.2,3.4,5.7,3.8,2,126.7,99.8,15,59.7,61,4.5,10.9,7.3,10.2,1.3,2.2
253,Sr,6-9,Wyatt Fricks,Marshall,SB,31,Stretch 4,73.5,3.2,2.4,3.2,3.5,-0.3,124.8,111.2,20.9,62.7,63.8,5.8,14.6,8.5,11,5.7,1.6
254,Sr,6-8,John Camden,California,ACC,32,Wing F,75.9,3.2,3.4,4.4,3.5,0.9,120.9,103,18.6,57.8,61.1,3.1,13.2,9.9,9.8,0.6,1.3
255,Sr,6-10,Chauncey Wiggins,Florida St.,ACC,32,Stretch 4,67.5,3.2,2.5,4,4.4,-0.4,123.3,108.1,18.4,59.5,62.4,3.6,11.8,6.3,10.5,0.9,0.6
256,Fr,6-7,Jalen Haralson,Notre Dame,ACC,27,Wing G,57,3.2,2.4,3.5,3.7,-0.2,106.3,108,33.4,52.3,56.5,6.4,10.9,22.9,18.4,1.3,1.2
257,Sr,6-6,Corey Washington,SMU,ACC,34,Wing F,68.8,3.2,2.9,3.2,2.6,0.6,125.2,104.4,17.4,56.8,61.2,7.9,11.9,5,11.7,2.1,1.9
258,Fr,6-7,DJ Hall,Texas St.,SB,30,Wing F,74.9,3.2,2.8,4.2,4,0.2,118.3,107.6,25.6,54.5,59.5,9.7,21.8,16.4,14.6,1.6,2.4
259,Jr,6-10,Michael Nwoko,LSU,SEC,32,C,53.1,3.2,2.3,4.1,3.4,0.7,119.7,103.3,27.6,61,65.3,13.2,17.9,8.1,17.4,4.2,1.2
260,So,6-3,C.J. Cox,Purdue,B10,39,Wing G,60.9,3.2,2.7,6.3,4.8,1.5,133,102.4,14.3,57.8,59.8,4.2,9.9,8.3,5.4,0.5,1.3
261,Sr,6-4,Kenny Noland,Columbia,Ivy,26,Combo G,84.9,3.2,2.8,2.6,3,-0.4,114.8,111,25.2,54,57.9,2,9.9,21,17.7,0.1,2.5
262,So,6-0,Trey Green,Saint Louis,A10,33,Combo G,57.7,3.2,2.7,6.9,5.5,1.5,134.1,101.3,16.9,65.2,66.8,3.2,9.7,11.6,9.6,0,2.1
263,Jr,6-8,Jasen Green,Creighton,BE,33,Wing F,68.6,3.2,3.1,5.2,3.1,2.1,118.9,102.5,19.1,58.5,60.1,8.4,16.6,16.7,15,3,1.6
264,Sr,6-2,Themus Fulks,UCF,B12,33,Pure PG,81.5,3.2,3,0.9,1.8,-1,106.8,108.1,25.8,48.8,53.1,2.3,8.2,36.3,22.5,0.1,1.3
265,Jr,6-9,Dylan Faulkner,Samford,SC,28,C,61.7,3.2,2.5,6,5.5,0.6,118.7,106.7,30.2,61.3,60.9,11.1,25.6,16.8,10.3,6,1.2
266,So,7-0,Ben Defty,Boston University,Pat,33,C,71.8,3.2,1.8,2.1,2.2,-0.1,121.7,116.5,24.9,69.4,69.6,8.7,20.7,14.4,19.4,7,0.8
267,Sr,6-7,Alden Applewhite,Georgia Southern,SB,35,Wing G,78,3.2,2.1,1.6,3,-1.4,125.5,115.4,19.3,56.7,62.6,5.6,15.3,7.2,10.9,0.8,2.1
268,Sr,6-3,Jalen Quinn,Drake,MVC,32,Combo G,84.1,3.2,2.4,0.3,1.9,-1.6,104.5,113.4,31.6,50.3,55.2,2.6,10.5,19.6,15.8,0.3,2
269,Sr,6-7,Devin McGlockton,Vanderbilt,SEC,36,PF/C,62.9,3.2,3.1,4.1,3.2,0.9,127.9,99.4,17,61.2,62.8,11.6,19,8.5,12.8,2.8,0.8
270,Sr,6-5,Jamal Fuller,LIU,NEC,34,Wing G,81,3.2,2.9,3.1,2.8,0.4,120.4,109.5,22,59.6,63.5,4.5,14.5,14.7,16.8,3.3,1.8
271,Sr,6-9,Tyler Houser,Delaware,CUSA,25,Stretch 4,68.1,3.2,1.8,0.3,2.2,-1.9,118.5,118.2,22.1,57.7,60.9,6.9,13.1,13,11.3,1.5,0.8
272,Sr,6-11,Carson Cooper,Michigan St.,B10,35,C,66.3,3.2,4,7.8,3.2,4.6,121.5,90.9,19.3,58.9,64.4,8.8,22.2,10.1,17.9,4.8,1.3
273,Sr,6-4,Dezayne Mingo,Charlotte,Amer,32,Pure PG,65.7,3.2,1.9,3,3.8,-0.8,116.4,113.7,26.3,52,56.1,3.1,11.4,35.2,17.2,0.1,2.1
274,Sr,5-10,Tre Beard,Cleveland St.,Horz,28,Scoring PG,72.7,3.2,0.9,0.4,3.2,-2.8,127.9,125.7,18,58.2,62.2,2.9,8.8,20.8,11.1,0.1,1.9
275,Sr,6-8,Tobe Awaka,Arizona,B12,39,PF/C,51.8,3.2,3.5,7.1,4.8,2.3,127.1,86.3,21,59.9,61.7,20.2,26.2,6.4,12.8,3.1,1
276,Jr,6-11,Sananda Fru,Louisville,ACC,35,C,55.1,3.2,3,7.7,4.3,3.4,131.3,94.8,17.7,76.5,74,14.9,16,10.1,20.2,7.2,1.2
277,Sr,6-3,Derek Simpson,Saint Joseph's,A10,34,Scoring PG,86.2,3.2,3.7,4.2,2.3,1.9,113.3,103.5,22.8,49.1,54.5,3.7,12.6,30.4,16.3,0.6,2.3
278,Sr,6-7,Tucker DeVries,Indiana,B10,32,Wing G,84.6,3.2,4.2,6.1,3.6,2.6,112.1,98.7,21.2,51,54.6,2.1,16.3,18.3,12.2,1.8,2
279,Sr,6-9,Leonardo Bettiol,Massachusetts,MAC,32,PF/C,71.1,3.2,2.5,3.2,3.1,0.1,115,109,28.3,60.4,63.5,10.1,22.1,15.4,18.9,0.9,1.5
280,Jr,6-7,Tylik Weeks,Southern Miss,SB,33,Wing G,84.5,3.2,2.8,1,1.8,-0.9,109.2,110.8,29.3,47.6,55.9,4.1,14.8,15.6,15.5,1.1,1.6
281,Sr,6-3,Skyy Clark,UCLA,B10,26,Combo G,51,3.2,3.2,4.6,2.6,2,120.7,102.4,18,58.6,60.6,1.5,8.2,13.2,11.5,0.4,2.6
282,So,6-5,Cole Certa,Notre Dame,ACC,31,Wing G,66,3.1,2.1,2.1,3.4,-1.3,119.9,111.4,20.8,50.8,56.8,1.8,5.7,6.3,7.2,0,0.8
283,Fr,6-9,Tomislav Buljan,New Mexico,MWC,35,PF/C,63,3.1,3.7,5.1,4.3,0.8,114.5,93.5,26.6,55.3,57,17.6,27.1,11.1,15,2.6,2.4
284,Jr,6-7,Andrew Meadow,Boise St.,MWC,30,Wing G,73.2,3.1,2.9,4.2,3.2,1,123.4,105.7,17.4,59.9,61.4,4,10.1,7,10,0.1,1.2
285,Sr,6-9,Sam Alexis,Indiana,B10,32,C,52.6,3.1,2.6,7.3,4,3.3,131.6,98.8,18.5,69.3,70.4,11.6,16,11.7,15.3,6.2,0.9
286,Sr,5-10,Rob Martin,High Point,BSth,32,Scoring PG,67.8,3.1,2.5,2.6,2.7,-0.1,115.9,108.9,28.4,47.7,55,2,6.2,25.5,12,0.4,2.9
287,Jr,6-8,Alton Hamilton IV,Eastern Washington,BSky,32,PF/C,69.8,3.1,2,3.1,3.6,-0.4,120.6,114.2,23.3,60.2,64,10.1,15.4,14.9,17.6,2.8,1.6
288,Jr,6-8,Thomas Dowd,Troy,SB,32,PF/C,89.1,3.1,3.7,3.5,2.9,0.6,119.3,104.4,19.8,51.5,55.7,10.1,21.7,11,12.3,4.2,2
289,Sr,6-10,Malique Ewin,Arkansas,SEC,37,PF/C,51.9,3.1,2.5,5.6,4.2,1.4,126.5,99.8,21.7,59.7,63.7,15.7,15.5,7.8,14.4,5.4,1.8
290,So,6-7,Jackson Holcombe,Utah Valley,WAC,31,Wing G,75.7,3.1,3.8,6.7,3.2,3.4,110.8,97.7,27.3,52.6,56.3,8.4,17.2,23.5,17.4,4.1,4.3
291,Jr,6-11,Riley Allenspach,George Mason,A10,31,PF/C,60.7,3.1,2.8,5,4.7,0.3,120,102.7,25.5,60,61.9,10,19,8.2,12.4,1.3,1.4
292,Sr,6-8,Collin Parker,Austin Peay,ASun,29,Wing F,78.4,3.1,2.9,3.8,3.9,0,118.8,108.2,26.2,54.5,58.5,4.2,19.4,21.5,11.4,1.4,1.5
293,Sr,5-11,David Coit,Maryland,B10,33,Scoring PG,66.6,3.1,2.2,3.1,4,-0.9,111.8,110.2,25.7,51,55.1,0.9,7.5,25.3,15.8,0.1,1.4
294,Sr,6-6,Barry Dunning Jr.,Pittsburgh,ACC,33,Stretch 4,78.7,3.1,3.1,3.8,3.5,0.3,117.9,105.6,18.6,55.7,57.6,6.9,16,5.3,11.4,3.3,1.4
295,So,6-9,Kyle Jorgensen,Colorado St.,MWC,28,Stretch 4,54.2,3.1,2.4,5.1,4.2,0.9,123.1,107.3,21.5,61.5,64.5,5.2,16,18.5,15.7,2.5,1.6
296,Fr,5-10,Chance Mallory,Virginia,ACC,36,Scoring PG,59.2,3.1,3.3,8.2,3.2,5,125.3,94.4,20.4,50.6,57.1,4.4,12.5,24.3,14,0.6,4
297,Sr,6-9,Jaiden Feroah,Southern Utah,WAC,29,Stretch 4,77.3,3.1,2.3,4,3.3,0.6,118.1,112.5,20.4,61.8,65.8,7.2,17.7,12.2,19.6,4.8,1.6
298,Sr,6-7,Tre'Von Spillers,Wake Forest,ACC,35,Wing F,72.1,3.1,3.3,4.9,2.3,2.6,121.9,101.4,17.7,59.2,61.5,6.4,17.1,11.8,13.2,6.7,2
299,Sr,6-7,Michael Ajayi,Butler,BE,32,PF/C,82.7,3.1,4,4.3,2.8,1.5,105.1,99.3,27.3,47.7,51.6,9.7,27.5,19.4,16.7,2.8,1.9
300,So,6-6,Billy Richmond III,Arkansas,SEC,37,Wing G,68,3.1,3.1,5.6,3.3,2.3,122.4,101.4,17.9,58.8,61.3,5.8,11.9,11.5,13.6,3,2.2
301,Jr,6-0,Tahj Staveskie,Incarnate Word,Slnd,28,Scoring PG,89.4,3.1,1.9,0.1,2.7,-2.6,108.4,119.3,27,50.6,54.6,2.6,10,24.5,17.8,0.3,1.7
302,Sr,6-7,Amani Lyles,Akron,MAC,33,Stretch 4,67,3.1,3.1,4.7,3.3,1.4,120,101.2,25.5,62.2,64.4,9.8,23.2,13.9,18.8,3.3,2
303,So,7-0,Julius Halaifonua,Georgetown,BE,32,C,46,3.1,2.1,6.2,4.3,2,130,104,20.6,62.4,65.5,9.2,16.2,14.3,11,4.3,0.8
304,So,6-7,Kameron Taylor,UNC Asheville,BSth,29,Wing G,88.1,3.1,2.7,1.6,2.7,-1.1,107.6,112.1,29.9,49.8,54.2,4.5,12.2,19,14.6,2.1,1.4
305,So,6-9,Gus Yalden,Vermont,AE,31,Stretch 4,61,3.1,2,4.3,5.1,-0.8,114.8,111.3,33.2,56.1,57.9,10.1,17.7,21,12.3,2.3,1.2
306,Jr,6-11,Rueben Chinyelu,Florida,SEC,35,C,61.3,3,4.2,7.3,4,3.3,122.3,85.2,20.1,58.4,61,17.4,30.7,4.5,16.7,4.2,1.7
307,Sr,6-5,TJ Hurley,Vermont,AE,32,Wing G,77.2,3,2.2,2,2.6,-0.6,124.1,114.1,21.2,58.3,62.5,0.9,12.8,9.7,8.2,0.4,1.4
308,Sr,6-2,Preston Ruedinger,Green Bay,Horz,31,Pure PG,89,3,2.1,1.4,2.3,-0.9,122.1,117.1,18.5,52.4,57.7,1.9,11.4,29.6,13.5,0.3,1.7
309,Fr,6-6,Shelton Henderson,Miami FL,ACC,35,Wing G,78.1,3,3.7,4.2,2.6,1.6,115.1,100.6,21.1,58.7,59,7,11.8,11.8,15.7,1.3,2.1
310,Sr,6-7,Zach Cleveland,Liberty,CUSA,31,Wing G,88,3,3.4,4.9,2.1,2.8,111.2,106.5,24.4,59.8,59.1,3.7,22,36.2,23.1,4.1,2.3
311,Sr,6-6,Tuburu Naivalurua,Oakland,Horz,31,Wing F,81.2,3,2.3,1.5,2,-0.6,119.6,114,20,53.3,56.6,7.4,13.4,11.3,9.2,3.5,1.9
312,Sr,6-8,Josh Reed,Penn St.,B10,32,Wing F,70.5,3,2.3,2.4,2.9,-0.5,119.9,111.1,19,55.3,61.6,5.1,13.9,7,12.1,0.4,2.2
313,Sr,6-3,Aidan Mahaney,UC Santa Barbara,BW,30,Combo G,85.8,3,2.2,0.1,1.6,-1.5,115.4,115.5,21.3,52.6,55.6,1.2,5.9,16.3,11,0.2,1.3
314,Sr,6-11,Ernest Udeh Jr.,Miami FL,ACC,33,C,66.5,3,4.1,6,2.8,3.1,135.6,92.9,10.8,72.7,68,13.1,25.8,3,11.4,5.8,2.1
315,Sr,6-7,Elijah Mahi,Santa Clara,WCC,34,Wing G,75.9,3,3.2,4.7,3.9,0.8,113,103.8,22.9,51.3,53.8,5.6,13,14.8,14.5,1.4,2.7
316,Sr,6-2,Cliff Davis,James Madison,SB,32,Combo G,78.2,3,2.1,3.1,3.8,-0.7,119.5,115.1,22.1,55.1,58.8,1.5,9.4,11.2,10.1,0.1,2.2
317,Fr,6-9,Roman Domon,Murray St.,MVC,33,Wing F,63,3,2.2,4.8,4.6,0.2,120,108.7,24.5,55.4,62.5,4.6,18.3,11.9,15.2,0.4,2.3
318,Jr,6-1,Elliot Cadeau,Michigan,B10,40,Pure PG,68,3,4,5.5,3,2.5,112.3,92.4,22.9,50.9,54.3,1.4,8.8,33.7,21.4,0.8,1.7
319,Sr,6-10,Cameron Corhen,Pittsburgh,ACC,33,Wing F,84,3,3.4,1.9,1.1,0.8,110.9,105.3,21.8,55.4,58.2,8.3,16.6,12.1,18.7,1.9,1.8
320,Sr,7-0,Christoph Tilly,Ohio St.,B10,32,PF/C,60.5,3,3.1,4.6,2.1,2.6,114.2,100.1,23.5,50.6,56.7,6.9,15.3,16.4,15.1,2.4,1.5
321,So,6-1,Isaac Williams,Baylor,B12,33,Scoring PG,61.9,3,2.3,3.4,2.1,1.3,119.7,107.1,19.9,60.3,62.3,1.9,8.5,23.5,19.2,2,1.7
322,Sr,6-6,Shelton Williams-Dryden,West Georgia,ASun,30,Wing F,87.7,3,2.5,0.4,2.3,-2,112.9,113.8,28,51.4,54.9,9.8,19.3,8.8,10.9,0.5,1.7
323,Fr,6-3,Ace Glass lll,Washington St.,WCC,31,Combo G,72.3,3,2.2,1.2,2.8,-1.6,109.2,112.7,27.3,54,58,1.5,10.9,17.5,17.4,0.4,1.6
324,Sr,6-10,Kyle Evans,UC Irvine,BW,33,C,73,3,4.2,6.9,2.8,4.1,129.1,92.8,16.1,61.9,64.8,9.1,21.8,6.4,10,11.8,0.8
325,Sr,6-6,Corey Stephenson,FIU,CUSA,28,Wing G,77.3,3,2.8,3.7,4.1,-0.5,112.5,109.1,25.4,53.7,57.2,6.9,14.5,10.4,15,1.9,2.3
326,Jr,6-8,Xavier Edmonds,TCU,B12,35,PF/C,56.4,3,3.1,7,4.3,2.7,116.2,94.2,26.3,61.4,62.8,14.5,19.1,11,17.8,4.4,2.5
327,Jr,6-1,Dai Dai Ames,California,ACC,33,Combo G,78.9,3,3,1.2,1.5,-0.3,109.7,106.5,25.1,53,57.2,0.9,5.9,14.7,12.9,0.5,1.1
328,Jr,6-4,Po'Boigh King,Sam Houston St.,CUSA,28,Combo G,65.7,3,2.1,2,2.9,-0.9,121.6,113.6,20.2,52.4,56.7,2,5.7,9.9,8.6,0.7,1.4
329,So,6-3,Kahmare Holmes,Wofford,SC,25,Combo G,67,3,2.5,3.5,3.4,0.1,113.9,111.9,29.2,54.1,57,4.1,16.9,18.1,11.4,1,3.4
330,So,6-9,Hank Alvey,Lehigh,Pat,33,PF/C,75.9,3,2.7,3.6,2.6,1,119.1,108.5,24.3,62.2,63.4,9.2,18.1,15.8,14.1,5.1,2.1
331,Jr,6-1,Kyler D'Augustino,IU Indy,Horz,28,Combo G,77.3,3,1.5,-0.2,2.1,-2.3,116.3,121.2,24,57.6,60,3.8,8.3,18.4,13.2,0.2,2.1
332,Jr,6-5,Jackson Hicke,Princeton,Ivy,28,Wing G,85.5,3,2.7,1.6,2.2,-0.6,113.1,112,23.8,54.1,58.5,4.9,13.6,17.2,14.6,1.1,1.7
333,Sr,6-3,Xaivian Lee,Florida,SEC,35,Combo G,68.5,3,4,6.9,3.1,3.8,117.6,92.8,20.5,50.4,53.6,1.7,12.2,24.5,17.1,0.4,2.4
334,Jr,6-7,Javan Simmons,Ohio,MAC,29,Wing F,66.6,3,2,1.7,2.7,-1,114.4,113.5,27.2,54.4,58.5,10.7,13.2,12,13.4,3,1.2
335,So,6-7,Ian Scott,Indiana St.,MVC,30,Wing G,75.2,3,3,5.2,2.9,2.3,118.9,105.2,20.3,65.9,67.6,5.9,17.9,17.9,19.3,3.1,2.2
336,Sr,6-9,Fredrick King,Murray St.,MVC,32,PF/C,60.1,3,2.5,4.7,4,0.7,120.9,104.8,23.8,66,65.7,16.4,21.6,6.4,17.9,7.4,1.5
337,Fr,7-1,Massamba Diop,Arizona St.,B12,33,C,74.1,3,3.3,4.9,2.6,2.3,113.2,102.2,21.3,58.2,61.4,7.5,15,7.6,16.9,7.9,1.2
338,So,6-7,Blake Barkley,East Tennessee St.,SC,31,Wing F,70.2,3,2.6,2.1,2.8,-0.8,124.4,108.4,22.4,62.1,67.5,6.5,18.5,7.9,15.4,1.1,1.7
339,Jr,6-6,Jake Davis,Illinois,B10,37,Wing G,48.3,3,2.3,6.3,3.9,2.5,146.6,100.7,10.9,61.2,62.5,6.1,6.5,5.6,4.6,1.3,1
340,Sr,5-10,Javon Bennett,Dayton,A10,37,Scoring PG,85.5,3,3.7,2.9,2.2,0.8,111.3,103,22.9,49,54.6,1.4,6.2,18.9,10.7,0.5,2.5
341,Sr,6-9,Caden Powell,Baylor,B12,33,C,60.8,3,2.5,4.1,2.5,1.6,130.5,104.8,13.9,67.5,68,13.2,15.6,8.4,17.6,3.3,1.3
342,Sr,6-2,Nik Graves,Creighton,BE,34,Scoring PG,66.9,3,2.7,2.5,1.6,0.9,112.2,105.7,23.8,45.4,53.4,2.4,9.9,30.4,15,0.4,2
343,Sr,6-7,Jaden Henley,Grand Canyon,MWC,32,Wing G,78.3,3,4.3,5.7,2.4,3.3,107,94.6,29,50.6,56.2,2.4,18.5,20.1,17.5,0.9,2.9
344,Sr,6-2,Donovan Oday,Northern Kentucky,Horz,31,Combo G,73.7,3,2.8,4.9,3.5,1.4,116.9,107.2,26.9,56.2,61.7,2.8,11.8,13.2,15.2,2.1,3.7
345,Sr,6-3,Jlynn Counter,Charleston,CAA,30,Pure PG,74.7,3,3.1,5.1,3.2,1.9,111.2,105.5,28.4,51.4,58.1,2.1,14.6,37.7,19.6,0.8,3
346,Sr,6-8,Kimani Hamilton,UNLV,MWC,34,Wing F,72.8,3,2.6,2.1,2.2,-0.1,115.3,108.7,21.8,53.2,57.3,7.9,11.6,14.5,14.1,1.4,2.3
347,Jr,6-10,Blake Buchanan,Iowa St.,B12,37,C,61.3,3,3.7,6.6,3,3.7,124.8,91.4,17.5,63.6,61.9,13.8,14.2,11.7,15,4.8,1.9
348,So,6-3,Mikey Lewis,Saint Mary's,WCC,32,Combo G,66.9,3,3.3,4.1,2.8,1.3,113.5,98.8,25.2,48.7,53.3,1.7,9.3,15.5,12.2,1,1.6
349,So,6-9,Sam Orme,Belmont,MVC,28,Stretch 4,57.3,3,2.6,5.7,4.1,1.6,126.2,104.8,19.4,65.7,65.9,4.6,16.8,12.7,12.3,3.5,2.1
350,Sr,6-3,Obi Agbim,Baylor,B12,33,Combo G,83.3,3,2.9,1.8,1.5,0.2,117.3,109,15.8,49.7,52,1.7,7.7,15.4,12,0.3,1.5
351,Sr,6-2,Coleton Benson,New Orleans,Slnd,33,Combo G,85,2.9,2.1,0.5,2.1,-1.6,115.4,116.9,20.7,51,57.7,1.1,8.1,10.7,14.7,0.2,1.2
352,Sr,6-8,Tobi Lawal,Virginia Tech,ACC,23,PF/C,50.8,2.9,3.6,2.6,1.6,1.1,116.8,98.4,20.2,57.8,63.5,9.2,25,3.9,17.9,4.3,0.6
353,Jr,6-2,Josiah Lake II,Oregon St.,WCC,33,Scoring PG,84.1,2.9,3,2.7,1.7,1,113,108.3,21.2,52.9,60.6,1.2,12.7,27.5,19.5,1.4,2.5
354,Jr,6-8,Isaac Garrett,Oakland,Horz,27,Wing F,63.4,2.9,2.4,2.3,2.1,0.2,117.1,110.9,22.9,54.3,59.1,9.4,18.1,14.8,15.2,3.6,2.1
355,Sr,6-9,Shilo Jackson,Le Moyne,NEC,26,PF/C,65.6,2.9,2.6,2.5,1.6,0.8,117,110.5,24.8,63,65.9,10.4,18.9,16.5,19.1,5.5,1
356,Sr,6-4,DJ Armstrong,UMBC,AE,31,Combo G,81.3,2.9,2.5,3.2,3,0.3,127.6,112.6,17.9,60.9,64.8,0.7,9.8,11.9,10,1,1.4
357,Sr,6-9,Tae Davis,Oklahoma,SEC,37,Wing F,73.1,2.9,2.8,1.5,1.6,-0.2,112.4,107.1,23.5,51.4,55.4,8.1,13.6,14.4,15.6,0.7,1.3
358,Jr,6-2,Kory Mincy,George Mason,A10,32,Combo G,84.8,2.9,3.4,2.8,1.7,1.1,115.3,105.5,21.1,52.7,57.1,1.2,11.1,17.5,13.7,0.1,1.9
359,Jr,6-5,Freddie Dilione V,Penn St.,B10,32,Combo G,68.6,2.9,2.3,3.7,4,-0.2,110.4,110.5,26,53,55.8,3.4,11.8,17.6,12.2,0.8,2.6
360,Sr,6-5,AJ Lopez,Richmond,A10,31,Combo G,65.5,2.9,2.2,3.9,3.8,0.2,120.6,110.1,22.5,54.5,61.6,1.7,8.3,10.2,9.2,2.5,2.2
361,Sr,6-3,Nate Johnson,Kansas St.,B12,32,Scoring PG,81.8,2.9,3.7,5.2,2.3,2.9,112.5,102,19.9,55,58.8,2.7,14.1,23.5,20.3,0.8,3.7
362,Sr,6-6,Josh Dix,Creighton,BE,34,Wing G,81.9,2.9,3.2,3,2.3,0.7,112.4,106.2,19.2,53.1,55.8,1.7,10.9,13.9,10.9,0.8,1.6
363,Fr,6-8,Brandon Benjamin,Fairfield,MAAC,32,PF/C,75.7,2.9,2.7,2.1,2.8,-0.7,118.7,109.1,22.7,56.8,58.8,14.2,23.1,8.2,14.7,5.5,1.4
364,Jr,6-4,A'lahn Sumler,Charleston Southern,BSth,27,Scoring PG,69.5,2.9,2.1,3,4.1,-1.1,112.3,114,29.2,55.7,57.5,3.2,11.9,26.7,15.1,0.4,1.4
365,Fr,6-5,Jordan Watford,Queens,ASun,34,Pure PG,51.3,2.9,1.1,2.4,3.6,-1.1,126.3,119.2,27.7,61.5,66.7,5.4,9.2,35.3,18.6,0.6,1.9
366,Sr,6-5,Lavell Brodnex,Louisiana Monroe,SB,25,Wing F,64.7,2.9,1.5,0,2.4,-2.4,117.3,120.2,22.4,56.4,60,9.3,20,15.4,13.2,3.1,1.5
367,Jr,6-3,Kenyon Goodin,Bellarmine,ASun,29,Combo G,80.2,2.9,0.6,-2,1.5,-3.5,130.6,129.1,15.2,61.9,66.3,1.8,9.2,10.1,9,0.6,1.5
368,So,6-4,C.J. O'Hara,Green Bay,Horz,31,Wing G,82.4,2.9,2,0.2,1.3,-1.2,119,116.5,20.9,57.5,63.5,5.9,11,7.8,14,1,1.9
369,Sr,6-4,Isaac McKneely,Louisville,ACC,35,Wing G,72.3,2.9,3.3,4.5,3.4,1.1,123.4,101.4,15.1,58,60.5,2.2,9.1,8.3,11,0.2,1.1
370,Sr,6-3,Cayden Charles,St. Bonaventure,A10,33,Wing G,83.1,2.9,2.9,1.6,1.5,0.2,115.6,109,19.8,49.2,56.3,5.5,18.4,10.5,13.5,1.3,2.8
371,So,6-7,David Punch,TCU,B12,34,PF/C,71.3,2.9,4.2,7.1,2.6,4.5,110.3,92.7,23.8,51.8,55,7.5,19.6,13.8,14,7.4,2.6
372,Fr,6-3,Kayden Mingo,Penn St.,B10,28,Scoring PG,70.1,2.9,2.8,3,1.9,1.1,108.6,109.4,24.6,51.2,54.4,2.1,12.3,27.2,15.3,0.7,3.8
373,Jr,6-1,Urban Klavzar,Florida,SEC,35,Combo G,51.7,2.9,2.6,6.8,4.6,2.1,132.9,97.9,16.5,59.6,63.6,1.5,6.2,9.6,13.4,0.3,0.9
374,Jr,6-7,Jason Rivera-Torres,Monmouth,CAA,33,Wing F,88.2,2.9,4,4.8,3,1.9,110.3,101.9,24.8,46.4,52.2,8.3,17.9,16.9,12.9,3.5,3.3
375,So,6-8,Cooper Koch,Iowa,B10,37,Wing F,70.9,2.9,3.2,4.6,3.2,1.4,127.7,102.1,12.8,58.6,60.6,4,10.9,7.2,8,0.8,1.3
376,Sr,6-7,Nolan Hodge,UNC Wilmington,CAA,32,Wing G,82.1,2.9,3,3.7,3.5,0.2,120.2,108.4,19.7,51.5,55.8,5.3,10,9.6,9.6,1.8,1.3
377,Sr,6-6,Darrion Williams,N.C. State,ACC,33,Wing G,72,2.9,3.2,3.9,3.3,0.6,109.9,102.8,23.7,51.1,53.3,3.5,13.9,17.5,12.3,1.3,2
378,Sr,6-5,Riley Kugel,UCF,B12,31,Combo G,67.4,2.9,2.8,3.2,2.3,0.8,108.4,106.2,24.5,49,51.9,3.8,8.5,15.9,13.9,0.9,2
379,So,7-2,Samet Yigitoglu,SMU,ACC,34,C,71.6,2.9,3.1,2.6,1.8,0.8,117.6,103.1,19,62.8,60.9,14.3,16.2,8.9,18,5.5,1
380,Fr,6-1,Jaylen Petty,Texas Tech,B12,33,Combo G,73.7,2.9,3.4,3.2,1.7,1.4,119.6,101.6,15.6,53.3,55.5,2.4,11.8,12.3,11.3,0.1,1.1
381,Jr,6-2,Nasir Whitlock,Lehigh,Pat,33,Scoring PG,85.4,2.9,2.2,-0.1,2,-2.1,108.2,115.4,30.1,53.7,58.4,1.2,10.2,22,15.6,0,1.8
382,Jr,6-8,Joseph Tugler,Houston,B12,37,PF/C,58.6,2.9,3.9,9.2,3.2,6,121.3,86.3,19.7,57.8,60.1,14.3,11.1,10.4,17,8.3,3.3
383,So,6-3,Braeden Speed,Loyola MD,Pat,30,Combo G,82.3,2.9,1.5,0.1,2.1,-2,116.4,120.9,23.8,53.3,58.8,2.6,13.2,22.9,14.5,0.8,1.8
384,Sr,6-9,Brock Wisne,Northern Colorado,BSky,29,PF/C,80.4,2.9,2.7,2.4,2.5,-0.2,113.7,110.2,24.9,59.2,60.9,7.8,15.7,15.6,17.7,1.3,1.3
385,Sr,6-6,Max Mackinnon,LSU,SEC,31,Wing G,75.1,2.9,2.6,1.6,2.7,-1.1,109.6,109.9,23.8,50.4,55.2,1.3,7.8,15.1,15.3,1,1
386,Sr,6-8,Dillon Mitchell,St. John's,BE,37,PF/C,70.1,2.8,4.2,8.2,3.5,4.7,121,90.8,15.9,56.1,55.5,9.4,18,18.8,12.7,2.6,2.6
387,Jr,6-7,Tavion Banks,Iowa,B10,37,Wing F,58.1,2.8,3.1,4.3,2.1,2.2,116.5,96.3,23.2,55.9,61.4,8.6,18.8,9.7,16.6,1.3,2.7
388,So,6-4,Jase Butler,Colorado St.,MWC,33,Combo G,65.1,2.8,2.1,2.5,2.5,-0.1,124.4,110.6,18,56.5,63,5.3,9.9,13.3,14.5,0.3,1.5
389,Sr,6-7,Chris Bell,California,ACC,33,Wing G,69.5,2.8,2.8,4.2,3.9,0.3,116.7,104.9,21,57.7,62.3,1.8,8.5,4.7,11.6,2.2,1.1
390,Sr,6-7,AK Okereke,Vanderbilt,SEC,36,Wing F,65,2.8,2.9,4.2,2.6,1.7,122.2,102.2,17.3,56.5,60.8,5.5,10.4,12.8,14.3,2.7,1.1
391,So,6-11,J.P. Estrella,Tennessee,SEC,33,PF/C,40.4,2.8,2.4,7.1,5.7,1.4,126,95.6,23.1,60.4,61.2,17.3,15.6,9.6,12.7,2.5,0.9
392,So,6-10,Damon Wilkinson,South Dakota St.,Sum,29,C,61,2.8,2.1,2.3,2.7,-0.4,117.4,109.6,27.1,58.5,61.8,10.2,19.7,11.2,14.7,4.3,1
393,Jr,6-10,Carey Booth,Colorado St.,MWC,33,Stretch 4,62,2.8,2.5,4.6,4.2,0.4,123.9,104.8,19.1,60.1,65.5,5.9,22.2,5.6,13.5,5.3,1.1
394,Jr,6-3,Solo Ball,Connecticut,BE,39,Wing G,68.7,2.8,3.6,2.7,2.2,0.6,111.5,97.9,21.9,48.4,53.2,3.3,9.2,9.8,11.8,0.8,0.9
395,So,6-3,Boogie Fland,Florida,SEC,35,Scoring PG,75,2.8,4.3,5.9,1.5,4.4,116.2,93.3,18.7,49.2,53,2.8,5.8,18.2,15.5,0.5,3.2
396,Sr,6-4,Dontae Horne,Prairie View A&M,SWAC,33,Combo G,82.6,2.8,2.5,2.3,2.6,-0.2,106,112.2,31.5,48,54.4,3.8,11.6,21.6,14.4,0.9,3.2
397,Sr,6-3,Prophet Johnson,Sacramento St.,BSky,27,Combo G,87.4,2.8,3.1,3.7,2.9,0.7,108.8,109.5,25.2,51.7,55.5,5,17.4,22.4,14.3,1.1,3.9
398,Jr,6-7,Sean Craig,Toledo,MAC,32,Stretch 4,80.1,2.8,2.5,0.7,2.3,-1.6,122.5,112.2,17.8,56.3,59.1,9.8,16.5,7.7,11.1,0.9,1.3
399,Sr,6-7,AJ Storr,Mississippi,SEC,35,Wing G,64.5,2.8,2.8,3.9,3.4,0.5,107.9,103.5,29.3,49.5,54,3,10.4,16,11.3,0.7,2
400,Sr,6-4,Bryce Harris,Howard,MEAC,31,Wing G,83,2.8,3.4,3.8,3,0.7,115.2,105,24.6,52.8,58.6,8.8,16.4,15.4,16.6,3.8,2.2
401,So,6-9,Donnie Freeman,Syracuse,ACC,23,Stretch 4,55.1,2.8,3.7,2.5,1.6,0.9,105.9,99.2,26.5,52.3,57.7,3.7,22.5,8.7,17.5,3.1,1.5
402,Sr,6-10,Jalen Washington,Vanderbilt,SEC,36,C,51.3,2.8,2.8,6,3.5,2.5,126.3,95.7,19.5,58.8,63,11.4,19.8,7.6,12.5,6.8,1.6
403,So,6-11,Somto Cyril,Georgia,SEC,33,C,52.1,2.8,2.6,6.8,3.4,3.4,131.4,97.9,17.4,75.9,72,12.2,15.1,4.7,15.7,10.6,1.6
404,Sr,6-4,Davion Bailey,Incarnate Word,Slnd,28,Combo G,89.9,2.8,2,0,2.2,-2.2,106.5,118.2,26.8,48.6,52.9,1.5,10.6,11.7,13.5,1,1.9
405,Fr,6-2,Greyson Uelmen,North Dakota,Sum,32,Combo G,71.3,2.8,1.6,0.9,2.7,-1.8,111,117.9,29.6,53.9,60.4,2.4,9.6,18.6,17.4,0.3,2.3
406,Sr,6-7,Djahi Binet,Southern Miss,SB,33,PF/C,67.6,2.8,2.6,2.8,2.9,-0.1,124.5,107.2,19.6,62.8,65.1,14.4,20.2,6.8,15.2,4.9,1.4
407,Jr,6-0,Trevor Mullin,Yale,Ivy,29,Combo G,68.4,2.8,2,0.9,2.1,-1.2,121.6,113.4,20.7,52.1,57.1,2.7,7.8,16.8,11.8,0.2,1.3
408,Sr,6-3,Kashie Natt,Sam Houston St.,CUSA,31,Wing G,68.2,2.8,3.3,7,3.8,3.2,121.6,99.4,20.4,49.8,56.1,9.3,23.6,15.6,12.7,1.9,4.2
409,Jr,6-9,Chase Walker,Illinois St.,MVC,32,PF/C,51.5,2.8,2.9,5.9,2.9,2.9,111.5,97.7,32.4,56.1,59.9,11.4,17.1,21.4,18.4,2.7,2.5
410,Jr,6-1,Makaih Williams,Grand Canyon,MWC,32,Combo G,67.5,2.8,3.2,5.1,3.2,1.9,113.1,100.5,25.6,51.3,56.3,4.4,7.5,19.1,14.3,0.7,2
411,Sr,6-5,Jake Heidbreder,Fresno St.,MWC,29,Combo G,87.1,2.8,3.7,2.2,1.2,1,108.8,105.4,22.3,49.1,56.1,1.7,6.6,11.7,14.6,0.4,2.2
412,Sr,6-8,LJ Wells,Northern Kentucky,Horz,30,Wing F,74.5,2.8,2.8,1.5,1.5,0,119.7,108.3,22.6,58,61.3,9.1,18,13.3,14.7,3.1,2.1
413,Sr,6-5,Joseph Pinion,South Florida,Amer,33,Combo G,74.5,2.8,3.3,5.4,3.7,1.8,116.4,102.5,20.9,52.7,54.7,4.8,8.6,14.6,13.3,0.9,3
414,Sr,6-2,Jordan Battle,Old Dominion,SB,32,Combo G,81.8,2.8,2.5,2.9,2.8,0.1,116.8,112.3,22,53.9,61.3,2,12.9,17.2,15.4,0,2.5
415,Jr,6-5,Isaac Bruns,South Dakota,Sum,17,Wing G,46.2,2.8,2.1,-0.4,2,-2.5,107,114.8,30.9,47.4,54.4,5.9,14.1,8.8,12.6,0.3,2.1
416,Fr,6-4,Nick Janowski,St. Thomas,Sum,31,Wing G,80.6,2.8,2.7,1.7,3,-1.2,115.7,110,23.7,58,59.1,3.7,14.5,12.5,9.4,0.8,1.4
417,So,6-5,TJ Nadeau,Detroit Mercy,Horz,29,Wing G,64.9,2.8,1.7,2.8,3.7,-0.8,125.7,115.6,19.5,60.1,63.2,2.6,10.4,7.9,11,0.9,1.2
418,Sr,6-0,Braden Sparks,Fairfield,MAAC,33,Combo G,83.9,2.8,2.2,2.4,2.8,-0.4,113.6,115.2,24.3,50.4,53.8,1.7,9.3,16.2,12.4,0.4,2.4
419,Jr,6-6,Filip Brankovic,UT Rio Grande Valley,Slnd,31,Stretch 4,60.4,2.8,2.2,3.5,3.6,-0.1,117,108,26.2,58.3,61.1,8.2,13.4,17.9,14.9,1.9,1
420,Sr,6-7,Pablo Tamba,LSU,SEC,32,Wing F,69.8,2.8,3.1,5,2.7,2.3,126.7,102.2,13.9,64.1,64.1,10.7,18,8.8,14.5,2,2.3
421,Sr,6-4,Milos Uzan,Houston,B12,37,Scoring PG,82.1,2.8,4.6,5.1,2.3,2.8,111.7,94.4,19.3,47.3,49.3,1.2,8.1,21.3,12.6,0.5,1.8
422,Fr,6-2,Acaden Lewis,Villanova,BE,33,Pure PG,75.4,2.8,3.7,4.7,1.7,3,107.5,98.9,24.6,49.6,51,1.6,10.4,33.7,17.1,0.3,3.8
423,Sr,6-4,Trae Broadnax,Rice,Amer,29,Combo G,77,2.8,2.4,2.4,2.3,0.1,108.9,111.6,26.9,48.3,53.6,3.3,15.8,23.5,16.8,1.1,2.4
424,Sr,6-8,Terri Miller Jr.,Portland St.,BSky,28,Wing F,78.2,2.8,3.5,5.6,3.6,2.1,108.7,101.8,29.9,55.7,57.9,5,14.6,24.1,17.7,2.6,2.5
425,Jr,6-2,Wes Enis,South Florida,Amer,32,Combo G,81,2.8,3.3,2.5,2.3,0.2,114.1,105.6,20.3,51.1,54,1.7,9.1,13.1,12.8,0.2,1.7
426,Sr,5-11,Tyren Moore,Georgia Southern,SB,35,Combo G,73.6,2.8,1.8,2.3,3.7,-1.4,115.3,116.5,24.9,55.2,58.4,1,10.3,18.9,13.9,0.2,2.8
427,Sr,6-8,Delrecco Gillespie,Kent St.,MAC,32,PF/C,80.5,2.8,3.4,2.5,2,0.5,111.1,103.6,26.3,51.8,58.1,10.5,28.2,11.9,18.8,4.3,1.7
428,Jr,6-3,Nils Machowski,Wofford,SC,30,Wing G,86.2,2.8,2,1.1,3.5,-2.4,116.7,117.8,24.1,54.4,58.1,4.5,15.5,14.7,12.6,1.7,1
429,So,6-6,Ruben Dominguez,Texas A&M,SEC,34,Combo G,57.1,2.8,2.3,4.9,4.5,0.4,130.5,105.6,16,57.7,61.3,1.8,9,10.2,5.7,0.6,1
430,Sr,6-6,Mahmoud Fofana,Cal St. Northridge,BW,32,PF/C,75.3,2.8,2.8,2.6,1.5,1,126,108,15.3,63.7,63.9,9.9,17.9,8.2,12.1,3.3,1.9
431,Sr,6-9,Mike Sharavjamts,South Carolina,SEC,32,Stretch 4,73.5,2.8,3.2,4.6,2.6,2,118.5,103.3,18.5,54.9,60.3,5.1,17,15.7,14.8,3.1,1.3
432,Sr,6-9,Theo Seng,Troy,SB,26,Wing F,58.1,2.8,2.5,1.3,1.8,-0.5,122.5,109.3,18.8,56.9,60.6,5.3,17.3,7.9,10.7,1,1
433,So,6-4,Tey Barbour,Harvard,Ivy,28,Wing G,84,2.8,3.1,2,2.1,-0.1,121.1,108.1,18.4,60.1,63.7,2.8,16.1,8.8,12.6,1.1,1.2
434,Sr,6-0,Zawdie Jackson,FIU,CUSA,29,Scoring PG,73.2,2.8,2.2,1.4,1.2,0.2,121.7,113.2,18.7,48,58.7,2.3,7.4,17.8,13.2,0.1,2.3
435,Jr,6-6,Viljami Vartiainen,Weber St.,BSky,25,Wing G,62.8,2.8,2,2.3,3.2,-0.9,127.8,115.1,15.5,61.8,63.2,0.8,12.2,5.4,8.2,0.4,1.5
436,Jr,6-4,Trey Autry,George Washington,A10,33,Wing G,69.7,2.8,2.4,2.3,2.3,0,125.4,109.9,15.3,57.9,60.5,3.2,11.3,8.5,11.7,0.8,1.4
437,Sr,6-9,Ben Humrichous,Illinois,B10,37,Stretch 4,55.5,2.8,2.9,7,3.7,3.3,136.1,96.6,11.5,53.8,55.6,5.9,13.4,5.9,4.5,3.3,1.1
438,Fr,6-3,Chance Gladden,Boston University,Pat,32,Scoring PG,80.1,2.8,1.3,-2.3,0.9,-3.2,113,123.1,25.7,52.1,58.7,2.5,9.5,26.7,19.6,0.9,1.2
439,Jr,6-9,TJ Power,Penn,Ivy,29,Stretch 4,88,2.8,3.6,4.5,3.5,0.9,110.7,104.9,23.1,56,57.4,4.9,19.3,14.2,15.4,1.9,1.9
440,Sr,6-1,Jalen Speer,Marshall,SB,31,Scoring PG,82,2.7,2.3,0.5,2.4,-1.8,110.7,114.4,26.1,48.8,52.4,1.5,11.6,29.7,15.8,0.2,1.9
441,Fr,6-5,Patton Pinkins,Mississippi,SEC,35,Wing G,61.1,2.7,2.3,3.3,2.9,0.4,128.5,107.6,15.3,55.9,60.7,3,5.6,6.6,4.4,0.4,1.1
442,Sr,6-9,Filip Borovicanin,Xavier,BE,33,Stretch 4,77.2,2.7,3.2,4.1,2.7,1.4,110.8,104.8,20.1,49.3,53.1,6,21.3,23.9,16.1,1.7,2.1
443,Jr,6-10,Alvaro Folgueiras,Iowa,B10,37,Wing F,51.6,2.7,2.7,7.5,4.4,3.1,120.5,96.5,22.3,58.6,62.2,6.3,18.1,20.7,17.2,1.6,2.7
444,Sr,7-0,Isaac Johnson,Hawaii,BW,31,PF/C,53.3,2.7,2.8,6.7,4.5,2.2,117.4,97.1,29.1,55.9,62.1,10.6,19.7,11.5,16.5,4.9,1.5
445,So,6-5,Robert Hinton,Harvard,Ivy,28,Wing G,82.8,2.7,3.3,1.2,0.7,0.5,110.3,106,26.6,52.9,56.8,3.8,14.3,15.1,13.1,0.6,2.6
446,Sr,5-10,Austin Benigni,Navy,Pat,32,Scoring PG,91.8,2.7,3.3,0.8,1,-0.2,110.4,108.2,27.1,48.6,56.3,1.2,9.4,25.1,17.3,0.9,2.1
447,So,6-7,Dayan Nessah,Cleveland St.,Horz,23,Wing F,53.2,2.7,1.4,-0.5,1.4,-1.9,112.4,119.5,28.3,56.4,63,8.3,18.4,18.8,20.8,2.7,2.1
448,Sr,5-11,Kaden Metheny,Liberty,CUSA,30,Combo G,83.1,2.7,2.2,1,3.1,-2.1,115.9,116.1,19.4,60.9,61.7,0.7,9.7,16.5,12.3,0,1.4
449,Sr,6-5,Erik Pratt,Stony Brook,CAA,29,Combo G,83.4,2.7,2.7,0.1,1.4,-1.4,102.6,111.7,31.7,48.1,51.8,2.7,13.9,26.3,15.3,0.9,1.8
450,So,6-2,Cooper Campbell,Troy,SB,32,Scoring PG,83.8,2.7,2.7,2.2,1.9,0.2,118,111.5,19.4,53.7,57.2,4,7.4,23.5,16.9,0.2,2.5
451,Jr,6-6,Marcus Hall,Green Bay,Horz,29,Wing G,80.4,2.7,2,1.7,3.4,-1.6,118.6,117.9,19.5,59.1,62.7,2.6,15.5,14.4,14.1,0.8,0.5
452,So,6-5,Jadis Jones,Lindenwood,OVC,25,PF/C,72,2.7,3,2.4,2.1,0.4,116.7,109.5,21.2,55.5,57.1,10.7,16.1,15.2,12.2,2.4,2
453,So,6-2,Je'Shawn Stevenson,North Texas,Amer,31,Combo G,80.6,2.7,3.8,5.4,3.5,1.8,107.5,100.8,26.9,45,51.3,2.8,9.7,14.2,11.2,1.1,3.5
454,Sr,7-1,Vincent Iwuchukwu,Georgetown,BE,24,PF/C,40.4,2.7,2.8,4.4,2.9,1.5,114.1,99,23.8,56.6,61.7,10.5,19.6,4.7,16.7,4.2,2
455,Fr,6-4,Trey McKenney,Michigan,B10,40,Wing G,55,2.7,3.1,6,3.6,2.5,123.8,93.4,17.3,58.6,63.3,2.3,10.5,6.4,13.2,0.2,1
456,Jr,6-1,Tyshawn Archie,McNeese St.,Slnd,32,Scoring PG,64.3,2.7,2.8,6.6,4.9,1.7,112.9,103,27.2,50.6,54,1.8,6.8,23.1,13.3,2.1,3.8
457,Fr,5-10,Uriah Tenette,New Mexico,MWC,35,Scoring PG,67.4,2.7,3.2,3.6,1.1,2.5,118.3,100.7,19.1,47.9,53.8,3.7,7.5,18.2,10.1,0.3,2.9
458,Sr,6-7,Lajae Jones,Florida St.,ACC,33,Wing F,73.7,2.7,3.4,4.4,2.7,1.7,115,101.6,19.3,51.2,55.6,5.1,16.3,7,10.1,4,2.3
459,Sr,6-5,Jahari Long,George Mason,A10,32,Scoring PG,84.6,2.7,3.1,1.8,1.5,0.4,116,107.7,19.3,53.5,57.7,1.5,9.9,23.2,16.5,0.5,1.1
460,Fr,6-6,Braylon Mullins,Connecticut,BE,33,Wing G,57.8,2.7,4,5.4,2.6,2.9,111.2,93.1,20.1,52.4,54.4,3.8,10.8,9.5,13,2.6,2.2
461,So,5-10,Jaylen Washington,UT Rio Grande Valley,Slnd,31,Pure PG,67.2,2.7,2.4,2.2,1.4,0.8,120.4,109.2,20.6,55.1,59.8,3.9,5.9,28.9,16.7,0.5,2.5
462,Fr,6-7,Braden Frager,Nebraska,B10,33,Wing G,55.3,2.7,3.3,6.3,4,2.3,117.9,93.8,22,59.1,62.3,5,13.3,8.6,11.9,0.4,1.8
463,Sr,6-3,Dashon Gittens,Sacred Heart,MAAC,31,Wing G,82.8,2.7,2,1.6,1.6,0,118.7,117.5,19.4,57.6,61.4,6.2,13.4,16.7,16.4,2.7,2.4
464,Jr,6-6,Josh Scovens,Davidson,A10,31,Wing G,60.2,2.7,2.5,4.1,3.1,1,116.4,105.5,23.3,57.4,58.5,8.1,12.3,17.7,13,2.1,2.1
465,Sr,6-4,Melvin Council Jr.,Kansas,B12,35,Scoring PG,86.3,2.7,4.7,3.6,1,2.6,102.6,95.2,23.2,43.4,46.5,2.6,11.9,28,13.7,1,1.7
466,Sr,6-3,Alex Huibregtse,Bradley,MVC,33,Combo G,75.9,2.7,2.5,2.9,3.5,-0.5,120.8,110.5,17.5,60,61.5,1.4,10.7,10.9,10.5,0.7,1.5
467,Sr,6-3,Javon Jackson,Murray St.,MVC,33,Scoring PG,64.1,2.7,2,0.4,1.6,-1.3,108.2,112,31.2,49.2,54.6,1.7,8.1,23.4,16.6,0.2,2.5
468,Jr,6-8,Adam Olsen,South Alabama,SB,30,Wing F,86.3,2.7,2.6,1.1,2.7,-1.5,115.1,113.7,21.4,53.4,58,0.9,11.2,5.4,7.8,0.5,1.7
469,Jr,6-0,Mateo Esmeraldo,Lipscomb,ASun,30,Pure PG,76.6,2.7,2.7,1.6,0.9,0.7,123.4,108.8,19.4,50.2,55.7,2.6,11.8,38.4,15,0,2.8
470,Jr,6-2,"Rob Lee, Jr.",Lamar,Slnd,29,Combo G,71.5,2.7,2.1,1.8,3.1,-1.2,112.2,113,26,51.7,55.2,1.6,11.7,15.4,12.6,0.3,1.1
471,Sr,6-8,N.J. Benson,DePaul,BE,32,C,64.9,2.7,3.3,5,3.4,1.6,116.1,97.8,21.3,63.6,61.8,12,22.8,11.1,14.4,3.3,1
472,Jr,6-7,Mouhamed Dioubate,Kentucky,SEC,31,PF/C,46.3,2.7,3.1,6.3,3.1,3.2,121.3,93.3,19.5,55.9,58.8,11.8,16.7,8.4,11.4,5.2,2.6
473,Sr,6-10,Reed Bailey,Indiana,B10,32,PF/C,47.2,2.7,2.1,3.3,1.9,1.5,125.3,101.9,21,57.4,65,7.6,14.1,10.8,13.2,2,0.7
474,Jr,6-5,Jimmie Williams,Duquesne,A10,31,Combo G,74.7,2.7,3,3.6,2.6,1,111.8,105.7,23.6,53.3,56.4,3.2,14.5,18,14,0.4,3.1
475,So,6-6,Tyrone Riley IV,San Francisco,WCC,30,Wing G,75.3,2.7,2.9,2.6,2.1,0.5,116.6,108.3,17.9,54.1,56.3,4.9,12.7,8.4,9.4,1.5,1.9
476,Jr,6-9,David Fuchs,San Francisco,WCC,28,PF/C,53.1,2.7,2.4,2.8,3.4,-0.6,110.3,105.5,28.4,53.9,57.7,11.2,25.8,13.8,16.4,1.5,1.1
477,Sr,6-6,Logan Kinsey,Denver,Sum,29,Wing G,74.5,2.7,1.1,-1,1.2,-2.1,124.5,123.6,17.2,56.9,60.7,7.8,8.2,6,10.9,0.8,1.5
478,Sr,6-8,Keba Keita,BYU,B12,33,C,53.2,2.7,3.2,6.9,3.1,3.8,130.4,93.1,13,68,66.2,13.8,21.2,2.2,14.6,8.3,2.6
479,Jr,6-5,Ernest Shelton,Merrimack,MAAC,34,Wing G,91.1,2.7,2.9,0.8,1.8,-1.1,113.8,111.6,20.8,51.3,58,1.8,8.2,5.8,8.9,1.6,2
480,Sr,6-2,Justin Wright,UNC Asheville,BSth,29,Combo G,84.9,2.7,2.5,-0.4,0.5,-0.9,109.2,112.9,26.3,52.1,56.7,1.5,9,19.3,16.5,0.2,2
481,Sr,6-6,Aaron Nkrumah,Tennessee St.,OVC,30,Wing G,80.2,2.7,3.1,5.2,3.2,2,109.8,106.2,27.2,48.3,54,4,16,17.9,15.3,1.6,4.9
482,Jr,6-2,BJ Davis,San Diego St.,MWC,32,Combo G,55,2.7,2.9,6.7,3.3,3.4,118.4,96.5,23.2,50.6,57.5,2.9,13.1,18.7,10.8,0.8,2.8
483,So,6-8,Brant Byers,Miami OH,MAC,31,Wing F,78.6,2.6,2.6,1,1.9,-0.9,122.2,110.6,18.3,57.7,63,3.3,11.4,3.1,9.6,1.2,1.1
484,Jr,6-10,Armani Mighty,Mercer,SC,29,C,81.1,2.6,2.8,1.2,2.1,-0.8,120.3,109.4,20.2,63.4,61.8,14.3,23.2,5.9,14.5,5.8,1.1
485,Jr,6-7,Paul Djobet,Nebraska Omaha,Sum,20,Stretch 4,51.2,2.6,2.1,2.6,3.6,-1,111,113.8,28.6,58,60.4,6.2,19.3,15.3,16.4,1.9,1.6
486,Sr,6-4,Larry Hughes II,Cal St. Northridge,BW,31,Combo G,77.3,2.6,2.6,2.1,1.7,0.4,113.5,111.2,21.3,53.4,57.9,0.6,8.7,5.1,11,1,2.5
487,Sr,6-6,Evan Mahaffey,Akron,MAC,33,Wing G,72.4,2.6,3.2,5.2,2.2,3.1,125,102.6,17.6,58.5,58.6,8.3,13.7,18.8,14.4,2.8,3.3
488,So,6-4,Ty Robinson,Central Arkansas,ASun,32,Wing G,68.9,2.6,2.9,5.4,3.9,1.5,122,104.4,22.5,57.4,59.9,6.8,16.9,14.2,10.3,1.3,3.9
489,Jr,6-1,Jahari Williamson,Kent St.,MAC,32,Combo G,63.2,2.6,1.8,2.9,2.6,0.3,136,113.9,13.8,61.5,64.4,2.9,5.6,6,6.3,0.1,1.9
490,Sr,6-6,Casey Simmons,Yale,Ivy,29,Wing G,66.9,2.6,2.3,2.4,2.1,0.2,126.3,109.4,17.2,59.6,61.3,5.5,12.8,7.2,8.6,2.9,1.6
491,Sr,6-9,Khamari McGriff,Kansas St.,B12,28,C,44.2,2.6,2.2,4,1.8,2.1,127,103.3,18.6,68.4,68.7,8.9,15.4,9.4,14.5,5.5,1.7
492,Sr,5-11,Bernie Blunt,Mercyhurst,NEC,32,Combo G,77.9,2.6,2.2,1.4,2.9,-1.5,110.6,114,28.4,47.8,54.6,2.4,10.1,14.6,9.1,0.1,2.2
493,Sr,6-4,Zane Nelson,Denver,Sum,29,Combo G,62.2,2.6,1.3,1.7,3.2,-1.6,115.5,119.3,26.7,52.9,57.2,2.2,15,19.6,13.4,0.7,2.3
494,Fr,5-11,Aiden Argabright,Richmond,A10,30,Scoring PG,56.8,2.6,2,1.9,1.2,0.7,122.5,109.8,21.4,48.7,60,1.3,8.3,16,8.9,0,2.7
495,Jr,7-0,Patrick Wessler,UNC Wilmington,CAA,32,C,67.8,2.6,3.2,3.1,2.4,0.7,116,100.8,24.8,58.8,58.5,13.7,24.4,9.1,13.4,3.6,1.3
496,Jr,6-7,Camden Heide,Texas,SEC,34,Wing G,54.5,2.6,2.2,3.3,2.4,0.9,139.2,106.2,10,65.5,66,4.4,9.6,4.4,9.2,0.5,1.1
497,Jr,6-0,Damari Wheeler-Thomas,North Dakota St.,Sum,29,Combo G,68.9,2.6,2.6,1.2,1.4,-0.2,115.2,109.3,23.7,49.9,54.6,3.8,10.2,16.1,11.6,0,2
498,So,6-10,Austin Rapp,Wisconsin,B10,30,Stretch 4,48.9,2.6,2.5,5.5,4.2,1.3,120.1,103,19.5,54.6,57.8,5.3,14.4,12.3,10.8,2.4,1.2
499,Sr,6-4,Michael Osei-Bonsu,Missouri St.,CUSA,28,PF/C,63.7,2.6,2.6,2.7,2.1,0.6,106.7,107.5,30.2,57.6,57.3,12,19,20.3,18.1,3.2,2.6
500,Sr,6-8,Cam Morris III,East Tennessee St.,SC,32,Wing F,64.6,2.6,2.7,3.5,2.3,1.2,120,104.3,25.2,59.9,62.2,9.2,15.6,12.2,13.2,6.3,2.8
501,Jr,6-7,Justin McBride,James Madison,SB,30,Stretch 4,63.3,2.6,2,1.6,2.8,-1.2,113.6,113.1,26.8,55.5,59.1,5.6,17.1,11.8,14.6,2.5,0.8
502,Jr,6-7,Rihards Vavers,Washington St.,WCC,28,Wing F,57.1,2.6,2,3.9,4.5,-0.6,122.7,111.5,17.4,61,63.5,3.6,14.9,3.5,11.4,1.2,1.5
503,So,6-3,Elijah Crawford,Illinois Chicago,MVC,23,Pure PG,44.4,2.6,2.6,4.6,3.1,1.5,107.3,104.9,31.1,49.3,53,1.9,11.2,43,19,1.4,3.3
504,Sr,6-9,William Kyle III,Syracuse,ACC,32,C,68.8,2.6,3.5,6.6,3,3.6,121.4,97.9,15.4,66.1,62.7,11.6,17.2,5.9,14,9.6,2.1
505,Jr,7-2,Anton Bonke,Charlotte,Amer,33,C,62.9,2.6,2.3,2.7,2.9,-0.2,119.4,108.4,21.3,60,61.6,14.4,23.7,9.1,17,6.8,0.6
506,Fr,6-6,Jamier Jones,Providence,BE,31,Wing G,58.9,2.6,2.3,2.6,2.1,0.5,114.1,108.5,21.3,59.5,61.7,5.9,13.1,9.6,17.6,1,1.9
507,Fr,6-7,Ivan Kharchenkov,Arizona,B12,39,Wing G,70.6,2.6,4.3,8,3.3,4.7,116.3,90.6,17.4,54.6,57.5,4.7,11.1,13,16.6,1,2.7
508,Sr,6-8,Jacob Crews,Missouri,SEC,33,Stretch 4,51.3,2.6,1.9,3.6,4.5,-1,132.6,107.3,15.6,61.6,64.8,7.8,13.1,2.1,9.8,0.7,0.6
509,Sr,6-5,Josh Omojafo,South Florida,Amer,33,Wing G,67.2,2.6,2.9,3,2,1,122,103.7,17.9,49.8,58.5,7.4,12.9,10.4,13.4,0.6,1.6
510,So,6-5,Ishan Sharma,Saint Louis,A10,34,Combo G,56,2.6,2.5,4.7,3.6,1,131.6,102.1,15.2,61.6,64.4,1.6,10.6,9.8,8.6,0.3,1.6
511,Jr,6-6,Coen Carr,Michigan St.,B10,35,Wing F,72.6,2.6,4,5.1,2.3,2.8,112.9,94.7,19.5,55.4,57.4,6.5,15.1,7.9,14.4,3.6,0.9
512,Sr,6-10,Mohamed Wague,Oklahoma,SEC,37,C,55.2,2.6,2.6,5.1,2.6,2.5,126.1,100.7,17.5,60.4,63.3,16.9,17.7,9.4,17.7,7.5,2
513,Sr,6-5,Houston Mallette,Alabama,SEC,35,Wing G,57.9,2.6,2.5,4.2,3.3,0.8,130.6,103.5,12.4,52.9,56.2,7.4,11.6,7.4,7.5,0,1.5
514,Sr,6-3,Orlando Lovejoy,Detroit Mercy,Horz,30,Scoring PG,78.4,2.6,2.4,1.5,0.8,0.7,110.6,111.9,26.5,45.2,53.2,2.2,10.7,24.1,14.1,0.5,3
515,Sr,6-3,Javohn Garcia,McNeese St.,Slnd,28,Combo G,65.6,2.6,3.4,4.4,1.9,2.5,121.7,101.6,17.2,52.6,56.4,1.6,10.7,9.7,7,3.6,3.3
516,Sr,6-3,Marcus Banks,Massachusetts,MAC,32,Combo G,81.7,2.6,2.5,1.7,2.2,-0.4,115.5,112.4,21,54.4,57.2,1,8.7,9.9,11,0.2,2.1
517,So,6-5,Collin Chandler,Kentucky,SEC,36,Combo G,67.5,2.6,3.3,5.5,2.6,3,121,99.3,15.8,57.5,60.5,1.5,9.6,14.3,14.5,1.1,2.6
518,Sr,6-2,Shammah Scott,Akron,MAC,33,Combo G,67.9,2.6,2.1,1.5,2.9,-1.3,121.9,112.2,20.1,57.3,59.1,0.5,9,16.6,11.9,0.4,0.6
519,So,6-8,Royce Parham,Marquette,BE,31,Wing F,69,2.6,3,3,2.5,0.5,113.9,103.7,19.5,58.4,59.9,7,12,6.5,13.8,3.1,1.4
520,Jr,6-7,Jordan Pyke,Incarnate Word,Slnd,24,Wing F,55.6,2.6,1.7,1,2.3,-1.4,116.2,115.7,23.4,54.8,58.3,6.2,18.4,12.7,13.3,1.7,1.3
521,Sr,6-0,Brayden Maldonado,Seattle,WCC,30,Scoring PG,72,2.6,3.9,5,2.7,2.3,110.3,98.5,23.8,51.3,56.1,1.8,11.6,20.1,12.3,0.5,2.7
522,So,6-3,Justin Pippen,California,ACC,31,Scoring PG,71.8,2.6,3.9,5.5,2.4,3,104,97.8,27.2,44.2,51.5,2.6,11.7,29.4,17.3,2.2,3.4
523,Sr,6-3,Tayton Conerway,Indiana,B10,29,Scoring PG,47.7,2.6,2.6,6.3,3.3,3,114.7,99.7,25.1,61.1,63.9,4.3,11.5,31.6,22.6,0.9,3
524,Sr,6-1,Leland Walker,Wyoming,MWC,32,Scoring PG,71.4,2.6,2.6,1.6,2.1,-0.5,107.8,108,27,45.8,52.1,3.5,9.3,26.7,17.2,0.9,1.7
525,So,6-3,Bryce Lindsay,Villanova,BE,33,Combo G,70.7,2.6,2.9,2.1,2,0.1,110.9,105.3,21.5,49.6,52.8,2.3,6.4,13.5,11.2,0,1.5
526,Sr,6-3,Dylan Andrews,Boise St.,MWC,30,Combo G,71.8,2.6,2.9,2.2,2,0.2,109.8,105.6,23.4,45.3,54.6,0.9,9.8,20.2,17.5,0.3,1.3
527,Jr,6-8,Eric Dailey Jr.,UCLA,B10,35,Wing F,66.5,2.6,3.4,3.8,2.4,1.4,110.7,98.5,21.6,53.4,55.9,6.8,18.7,9.5,13.7,1.2,1.9
528,Fr,6-5,CJ Shaw,UC Santa Barbara,BW,30,Combo G,72.3,2.6,2,1.3,1.8,-0.5,118.9,114.2,19,58.8,64.5,2.7,5.1,15,19.2,0.4,2
529,So,6-9,Grant Randall,Quinnipiac,MAAC,31,Wing F,79.1,2.6,2.8,1.3,1,0.3,124.9,109.2,15.6,53.6,57.2,7.4,16.2,4.6,6.3,2.4,1.7
530,Jr,6-2,Malik Mack,Georgetown,BE,34,Scoring PG,79.8,2.6,3,1.6,1.8,-0.2,104.9,107.3,24.2,45,50.2,1.5,9.1,26.1,15.3,0.5,1.6
531,Sr,6-9,AJ Casey,Evansville,MVC,30,Wing F,75,2.6,2.4,1.6,1.8,-0.1,108.1,111.6,24.9,54.8,58.4,7.6,16.4,16.7,16.6,2.4,2.3
532,Fr,7-0,Malachi Moreno,Kentucky,SEC,36,C,56.4,2.6,3.1,6.4,2.7,3.7,121.9,95.3,18.2,58.2,62.3,12.2,18.9,13.6,17.7,7.3,1.3
533,Jr,6-4,Khaden Bennett,Wyoming,MWC,32,Combo G,70.6,2.6,3,4.2,2.1,2.2,118.1,103.6,19,49.4,55.4,6,14.6,17.8,14.4,0.4,3.1
534,So,6-4,Andre Mills,Maryland,B10,33,Wing G,66.3,2.6,2.4,2.7,2.8,-0.1,108.2,108.2,24.4,49.2,53.3,5.8,12.6,14.5,15.7,1.4,1.2
535,Sr,6-9,Brenen Lorient,West Virginia,B12,34,PF/C,70.1,2.6,3.8,6,2.4,3.6,111.5,96.3,21.8,58,59.6,7.4,13.9,14.7,18.8,5.3,1.4
536,Sr,6-8,Alex Steen,Florida St.,ACC,32,C,48,2.6,2.2,4.1,2.8,1.2,130.9,102.4,16.5,63.2,66.3,15,16.8,7.8,14.9,4.3,1.9
537,So,6-4,Jeremiah Johnson,Campbell,CAA,32,Wing G,82.6,2.5,2.1,-0.7,0.8,-1.5,112,115.9,21.5,50.3,58.3,2.1,10.7,11.9,17.5,0.5,1.2
538,Sr,6-2,Nate Calmese,Wake Forest,ACC,26,Pure PG,45.3,2.5,2.4,4.7,4,0.7,114.2,106.1,23,55.5,57.1,1.7,7.5,35.6,18.9,0.6,3
539,Jr,6-1,Brandon Rechsteiner,Colorado St.,MWC,33,Combo G,70.1,2.5,2.2,2.1,3.1,-1,113.6,111.3,21.7,58.5,60.3,2.4,7.2,19.1,17.9,0.3,1.7
540,So,6-11,Sebastian Rancik,Colorado,B12,29,Stretch 4,61,2.5,2.8,3,2.1,0.8,110.3,105.2,22.3,48,56.3,4.8,18.2,12.4,15.8,1.9,1.9
541,Fr,6-7,Nasir Meyer,Wyoming,MWC,30,Wing G,65.1,2.5,2.8,3.5,3,0.5,112.7,105.5,22.9,53.6,57,4.4,16.9,17.4,16.7,0.3,2.1
542,So,6-6,Jelani Hamilton,Georgia St.,SB,26,Combo G,68.2,2.5,2.7,2.6,2,0.6,106.7,109.6,28.9,43.6,53.2,2.6,13.2,18.1,12.3,1.2,3.3
543,Jr,6-0,Jaden Winston,Manhattan,MAAC,31,Scoring PG,88.2,2.5,1.7,0,0.3,-0.3,111.1,120.4,23,51.2,57.5,2.1,7.5,22.9,16.9,0.1,4.2
544,So,6-9,Elijah Price,Nevada,MWC,37,PF/C,73.9,2.5,4,3.9,1.1,2.7,109.7,95.7,23.3,46.3,56.5,9.3,24.4,7.5,16.2,7.1,2.4
545,Sr,6-5,Oziyah Sellers,St. John's,BE,37,Wing G,71.3,2.5,3.6,2.9,1.1,1.8,118,98.3,15.5,51.3,54.7,1.9,8.6,10,8.6,1,1.1
546,Jr,6-4,RJ Johnson,Kennesaw St.,CUSA,31,Scoring PG,70.3,2.5,2.3,2.2,2.7,-0.4,110.8,111.4,25.2,51.3,53.9,2.2,9,27.7,15.3,1.3,2.2
547,Sr,6-3,Brent Bland,Saint Peter's,MAAC,28,Wing G,83.5,2.5,3,2.9,2,0.9,118,108.1,19,50,54.7,4.3,13.6,9.6,10.2,1.3,3.4
548,Sr,6-5,Nasir Mann,Queens,ASun,34,Wing G,75.3,2.5,1.9,0.8,2.1,-1.3,118.7,116.3,21.5,54.8,58.8,5.6,15.9,16.2,14.1,0.6,2.1
549,Sr,6-6,Kowacie Reeves Jr.,Georgia Tech,ACC,29,Wing G,70.4,2.5,2.9,3,2.5,0.5,110.5,106.6,21.5,54.4,57.3,3,10.5,8.1,12.2,2.5,1.7
550,Fr,6-11,Chris Cenac Jr,Houston,B12,37,PF/C,61.8,2.5,4.2,6.1,3.1,3,116.1,85.2,19.5,53.6,54.6,10.1,26.1,5.5,11.4,2.6,1.9
551,Jr,7-1,Christian Reeves,Charleston,CAA,30,C,51.5,2.5,2.4,4.5,4.1,0.5,125.1,102.5,22.3,65.2,65,15,24.4,4,11.4,7.7,0.7
552,Sr,6-5,Kobe Knox,South Carolina,SEC,32,Wing G,74.1,2.5,3,2.7,1,1.6,116,105.3,18.4,54.1,59.2,4.5,9.7,13.7,14.1,0.7,2.1
553,Sr,6-7,Michael Imariagbe,Wright St.,Horz,32,PF/C,59.3,2.5,2.3,2.4,2.2,0.2,118.6,107.1,25,58.9,62,13.3,21.6,14.3,17.7,3.3,1.3
554,So,6-10,Jovan Milicevic,Xavier,BE,33,Stretch 4,64.9,2.5,2.3,1.7,2.3,-0.7,110.6,108.8,21.8,54.9,57.2,5.5,11.6,10.2,12.6,2.4,1.4
555,So,6-4,Nyle Ralph-Beyer,Sacred Heart,MAAC,30,Wing G,72,2.5,1.2,0,2.9,-2.9,119.4,123.3,18.9,59.6,61.6,4,10.3,4.9,10.1,0.6,0.9
556,Jr,6-7,Bobby Durkin,Minnesota,B10,33,Wing G,81,2.5,3.4,3.4,2.4,1,119.5,104.2,14.6,58.8,61,2.3,10.1,11.5,10.5,0.6,1.6
557,Sr,6-5,Rylan Griffen,Texas A&M,SEC,32,Scoring PG,59.8,2.5,3.1,6.7,3.5,3.1,117.7,99.7,19.2,57.7,60.9,3,8.4,16.8,16.6,1.9,3.3
558,Sr,6-3,Ty Harper,Oral Roberts,Sum,29,Combo G,70.3,2.5,1.7,-0.3,2.1,-2.4,104.8,117.3,32.6,48.1,54.9,3.3,8,20.3,16.9,0.4,1.9
559,Sr,6-4,Justice Williams,Western Michigan,MAC,18,Wing G,46.5,2.5,1.6,-0.2,2.3,-2.5,111.7,119,23.9,50.2,55.4,3.3,10.1,13.6,12.5,0,1.2
560,Jr,6-3,Kahlil Singleton,Canisius,MAAC,29,Wing G,84.3,2.5,1.6,-1,1.4,-2.4,120.4,121.5,17.2,53.9,57.9,1.9,8.8,6.5,5.7,0.3,0.4
561,So,6-9,Drew Scharnowski,Belmont,MVC,30,C,52.2,2.5,2.5,6.4,3.5,2.9,116.7,101.2,25.7,68.3,62.5,12.7,19.5,22.1,17.9,7.9,2
562,Sr,6-2,Tyler Cochran,Rhode Island,A10,32,Wing G,76.6,2.5,4.2,6.3,2.5,3.8,106.9,95.1,26.4,50.3,54.6,5.3,19.2,13.8,15.4,0.8,5.2
563,Sr,6-5,Jaidon Lipscomb,Cleveland St.,Horz,30,Scoring PG,69.1,2.5,1.1,1.6,3.8,-2.2,118.5,122.7,21.4,61.4,64.6,1.7,11.1,20.7,18,1.2,2.4
564,Jr,6-6,LeJuan Watts,Texas Tech,B12,33,Wing F,66.1,2.5,3.4,2.1,0.8,1.3,104.8,98.3,25.6,47.5,53.4,8,16.7,15.7,20.9,0.9,1.4
565,Sr,6-3,Dion Brown,Saint Louis,A10,34,Wing G,59.8,2.5,3,3.8,2,1.8,119.1,97.9,20.2,65.2,66.5,7.1,16.9,12,19.9,1.4,1.8
566,Jr,6-4,Braeden Shrewsberry,Notre Dame,ACC,31,Combo G,80.4,2.5,2.8,1.8,2.2,-0.3,113.6,109.5,17.3,53.2,55.5,0.2,10.7,11.4,11.9,0.5,0.8
567,Jr,6-7,Frankquon Sherman,Kennesaw St.,CUSA,32,Stretch 4,64.5,2.5,2.7,1.9,2.1,-0.2,120.2,104.4,19.9,52.1,57.6,13.7,22.2,7.5,13.4,3.2,2.1
568,Jr,6-3,Ace Valentine,UMBC,AE,30,Combo G,78.9,2.5,2.6,1.1,0.8,0.2,121.8,111.4,18.6,58.5,61.5,0.4,13.3,21.8,13.4,0.1,1.6
569,Jr,6-4,KJ Lewis,Georgetown,BE,28,Combo G,61.1,2.5,3.6,5.2,2.1,3.1,102.6,99.2,27.6,45.6,51.5,4.6,15,18,16,2.2,4.2
570,Sr,6-5,Ethan Roberts,Penn,Ivy,22,Combo G,58.4,2.5,2.7,0.5,0.9,-0.4,106.7,109.3,27.3,45.2,52.4,2.9,11.4,15.9,12.5,0.5,1.7
571,Sr,6-6,Jamal West Jr.,UTEP,CUSA,28,Wing F,79.2,2.5,2.9,1.2,0.7,0.5,109,107.5,24.3,54.1,57.7,8.1,16.7,10.6,15.4,5.3,1.7
572,Jr,6-3,Josh Pascarelli,Colorado St.,MWC,26,Wing G,52.4,2.5,2.2,2.2,2.8,-0.6,121.8,111,17.1,60,61.6,3.6,9.8,10.5,11.6,0.2,1.5
573,Fr,6-4,Cayden Boozer,Duke,ACC,38,Scoring PG,57,2.5,3.3,5.2,1.8,3.4,119.6,92.8,18,54.8,59.2,2.4,8.6,22.2,19.6,0.4,2.1
574,So,6-2,Styles Phipps,Pepperdine,WCC,30,Scoring PG,85.2,2.5,2.7,0.6,0.8,-0.2,104.6,111.6,24.9,45,51.9,6.5,13.6,31.8,19.4,0.5,2.5
575,Jr,6-9,Cam Manyawu,Iowa,B10,37,C,47.8,2.4,2.6,5.9,2.8,3,125,94.7,18.5,63.1,62.7,12.9,19.9,10.9,13.6,3.8,2.7
576,Fr,6-1,Joel Foxwell,Portland,WCC,32,Pure PG,88.9,2.4,3,1.1,1.9,-0.8,102.2,110.2,26.9,47.2,50.9,2,11.8,36.8,18.6,0.3,2.2
577,Sr,6-7,Connor Hollenbeck,Idaho St.,BSky,30,Wing F,74.9,2.4,1.8,-0.3,1.5,-1.8,113.4,117,22.5,52.2,57.8,7.3,12.5,10.9,16.7,1.1,1.9
578,So,6-8,Will Hornseth,Northern Iowa,MVC,34,Wing F,65,2.4,3.3,4.6,2.5,2.2,112.6,98.9,23.4,61.1,60.3,6.3,15.1,18.5,15,3.1,1.2
579,Sr,6-4,George Marshall,Morehead St.,OVC,30,Wing G,77.3,2.4,1.7,1,1.9,-0.9,115.2,118.2,22.2,50.3,57.7,3.9,12.4,11.2,15.6,1.1,2.3
580,Sr,6-4,Justin Allen,Green Bay,Horz,30,Wing G,65.7,2.4,1.6,-0.5,1.6,-2.1,112.5,117.2,26.4,52.1,57.2,3.7,13.9,14.3,11.1,0.5,1.2
581,Sr,6-3,Dallin Hall,Virginia,ACC,36,Scoring PG,69.9,2.4,3.3,3.7,1.1,2.6,124.1,100.7,13.9,50.9,54.9,5.1,9,24.8,20.3,0.3,1.8
582,So,6-4,Roberts Blums,Davidson,A10,30,Wing G,53,2.4,2.2,5.4,5.8,-0.4,113.9,106.6,25.4,57.7,58.7,3.3,15.3,10.5,10.3,0,1.5
583,Jr,6-3,Trevian Carson,North Dakota St.,Sum,32,Wing G,80.4,2.4,3.4,4.3,2.3,2,118.5,104,19.2,54.5,57.2,7.3,16.5,16.4,15.4,1.7,3.1
584,So,6-6,Adrian Myers,San Jose St.,MWC,28,Stretch 4,61.9,2.4,2,1.4,2.8,-1.4,113,114.5,20.2,52.1,54.4,7.2,14.8,7.7,11,3.1,2.1
585,Sr,6-10,Tre-Vaughn Minott,Portland St.,BSky,28,C,73.4,2.4,3.4,1.5,0.5,1,128,101.3,15,67.5,67.4,13.6,21.4,2.1,14,4.8,1.1
586,Jr,6-5,Vaughn Weems,Nevada,MWC,34,Wing G,56.5,2.4,2.7,4.9,3.3,1.6,120.9,103,18.3,60.4,63.9,7.7,12.1,7.2,15,1.4,2.4
587,Sr,6-2,Deyton Albury,New Mexico,MWC,34,Combo G,58.8,2.4,3.2,4.5,1.4,3.1,111.5,97.2,24.1,55.4,61.4,2.7,14.3,21.4,21.3,0.8,3.2
588,Jr,6-5,Dorian Finister,Louisiana,SB,31,Wing G,76.3,2.4,2.4,2,2.4,-0.4,109.2,113.4,25,50.7,55.8,4.7,13.4,14.5,14.2,1.8,2.1
589,So,6-1,Fred Payne,Boston College,ACC,31,Combo G,85.3,2.4,3.8,3.7,2.1,1.6,104.6,102.5,24.7,47.2,49.8,2.2,11.3,18.7,10,0.5,2
590,Sr,6-0,Micah Thomas,Northwestern St.,Slnd,30,Scoring PG,76.4,2.4,1.8,-1.1,1.3,-2.3,103.2,117.9,30.2,47.1,54.3,1.2,6.6,22.5,16.1,0.5,1.5
591,Jr,6-6,"Dennis Parker, Jr.",Radford,BSth,29,Wing G,74.6,2.4,2.4,2.1,2.9,-0.8,109.2,111.1,28.2,55.2,58,6.2,15.9,9.5,15.5,2,2.8
592,Jr,6-6,Kellen Thames,Saint Louis,A10,32,Wing G,40.4,2.4,2.5,9.3,5.2,4.1,122.4,92,24.8,64.9,65.1,10,18.3,19.5,16.6,1,4.1
593,Sr,6-9,Anquan Hill,Sacred Heart,MAAC,26,Stretch 4,66.2,2.4,1.7,-1.8,0.7,-2.6,108.5,119.1,25.9,51.2,56,6.4,14.1,8.3,13.6,3.9,1
594,Sr,6-11,Isaac Jack,Pacific,WCC,31,C,54.8,2.4,2.2,2.1,1.4,0.7,126,105.8,17.9,65.5,65.1,13.4,13.9,5,13,2.6,0.9
595,Jr,6-4,Trevan Leonhardt,Utah Valley,WAC,31,Scoring PG,87.1,2.4,4,5.1,2.4,2.7,111.6,101.1,19.3,57.4,60.2,2.2,16.2,28.4,24.7,2,3.5
596,Jr,6-4,Kobi Williams,Missouri St.,CUSA,30,Combo G,85.5,2.4,2.3,-0.6,1,-1.5,114.5,116,18.4,53,58.8,2.5,6.2,8.1,14.2,0.6,1.6
597,Fr,6-5,Alex Wilkins,Furman,SC,32,Pure PG,75.1,2.4,2.3,-1.9,0.3,-2.2,103.9,112.5,34.2,52.1,56.5,0.9,6.5,34.8,22.3,0.5,1.5
598,Jr,6-4,Tru Washington,Miami FL,ACC,31,Wing G,60.9,2.4,3.6,4.5,1.9,2.6,112.6,97,21.1,50.5,54,5.8,11.5,11,14.1,0,3.8
599,Fr,6-7,Declan Wucherpfennig,Fairfield,MAAC,33,Wing F,79.3,2.4,2.4,0.9,1.5,-0.6,119.4,112.4,18.6,55.3,57.3,9.6,20,9.5,12.8,1.8,1.4
600,Sr,6-7,Blair Thompson,Columbia,Ivy,26,Wing G,78.9,2.4,2.7,1.6,1.3,0.3,124.5,110,15.2,59.6,60.4,4.2,13.2,6.6,9.9,1.6,1.9
601,Jr,6-1,Michael James,Mississippi Valley S,SWAC,31,Combo G,88.2,2.4,1.2,-0.2,2.6,-2.8,103.7,125.2,28.8,50.5,55.2,2.7,8.2,20.7,15.8,0.1,2.7
602,So,6-4,Devin Vanterpool,Florida Atlantic,Amer,22,Wing G,55.6,2.4,3.6,3.9,1.9,2.1,108.7,101.6,23.6,52.3,55.9,3.2,17.7,14.8,16.9,2.5,2.8
603,Sr,6-9,Julius Mims,New Mexico St.,CUSA,29,PF/C,68.9,2.4,2.7,1.1,1.7,-0.6,121.6,106.7,17.5,58.5,60.1,10.9,22.8,4.6,11.7,2.8,0.9
604,So,6-8,Elyjah Freeman,Auburn,SEC,38,Wing F,66.4,2.4,2.9,4.3,2.8,1.4,116.3,102.8,17.3,50.9,54.7,7.9,15.2,7.8,13.5,2.6,2.8
605,So,6-7,Caleb Williams,Georgetown,BE,33,Wing F,72,2.4,3,2.3,1.6,0.7,118.6,105.7,14.4,54.2,56.9,6.1,13.4,9.4,11.7,0.8,1.1
606,Sr,6-8,Keith Palek III,Missouri St.,CUSA,31,Wing F,81.7,2.4,2.7,0.3,1.3,-1,102,110.6,30.1,44.7,50.7,5.1,17.7,23.2,16.4,1.1,1.8
607,So,6-8,Petar Majstorovic,Long Beach St.,BW,30,Wing F,78.5,2.4,2.8,1.8,1.2,0.7,109.9,108.3,22.3,57,60.4,6.1,18.4,11.4,18.3,1,3
608,Sr,6-8,Elijah Saunders,Maryland,B10,33,Stretch 4,76.2,2.4,2.6,1.8,1.5,0.3,118.3,109.5,14.1,56.4,58.4,5.7,11.2,6.5,14.7,1.1,0.8
609,So,7-1,Bukky Oboye,Santa Clara,WCC,33,C,44.1,2.4,2.2,4.6,1.7,2.9,129.8,99.9,17.7,68.9,68.9,10.1,17.6,5.8,15.1,7.8,2.2
610,Jr,6-11,Arrinten Page,Northwestern,B10,29,PF/C,48.5,2.4,2.9,7,3.5,3.5,112.7,97.9,23,57.2,59.3,6.6,17.6,16.6,14.5,6.1,2.3
611,Sr,6-5,Nimari Burnett,Michigan,B10,40,Wing G,49.3,2.4,2.9,6.5,3.3,3.2,123.9,91.8,16.9,57.5,59.9,3.7,10.8,9.6,10.9,0.5,1.6
612,Sr,6-5,Malik Thomas,Virginia,ACC,36,Wing G,55.6,2.4,2.7,2.9,2.5,0.5,110.7,99.1,26.7,50.6,54.2,3.7,14.6,13.3,15,0.5,1.3
613,Fr,6-3,Michael Cooper,Wright St.,Horz,29,Combo G,58.2,2.4,2,1.3,2.6,-1.3,116,112.6,24,52,55.5,2.4,9.8,15,10.7,1,1.4
614,Sr,6-8,Colin Smith,UC Santa Barbara,BW,30,Wing F,72.8,2.4,2.1,0.7,1.8,-1.1,115.7,113.8,19.7,55.3,61,5.4,12.3,9.9,17.4,0.7,1.1
615,Jr,6-5,Caleb Foster,Duke,ACC,33,Combo G,54,2.4,3.5,4,1.8,2.2,117,94.2,17.6,53.3,54.1,3,12.6,19.1,14.9,0.3,0.7
616,Jr,7-2,Will Berg,Wichita St.,Amer,34,C,52.1,2.4,2.9,4.4,2.4,2,122.5,95.7,20.5,54.7,59.9,16.1,23.1,5.7,14.3,6.1,1
617,Sr,6-4,Trey Campbell,Northern Iowa,MVC,35,Scoring PG,84.4,2.4,4.3,4.5,1.8,2.7,105.5,97.3,24.6,51.4,54.4,2.2,11.4,23.1,15.3,1,3.1
618,So,6-4,Adrian Wooley,Louisville,ACC,35,Wing G,56.1,2.4,2.8,4.5,2.6,1.9,118.6,98.6,18.7,53.9,57.6,6.9,12.3,13.5,15,0.3,1.7
619,Jr,6-7,TJ Johnson,VMI,SC,29,Wing F,91.1,2.3,1.5,-0.3,2.9,-3.2,110.6,122.1,24.2,51.6,56.4,4.6,17.5,8.5,11.6,0.6,2.4
620,Fr,6-5,Hudson Mayes,UC San Diego,BW,32,Wing G,60.5,2.3,2.8,4,2,2,118.2,101.1,21.4,56.4,61.4,5.9,19.2,14,13.8,1.4,2.2
621,Sr,6-9,Toyaz Solomon,UNC Asheville,BSth,29,PF/C,85.3,2.3,3.1,1.4,1.4,0,105.2,108.1,27.6,49,52.5,7.6,17.1,12.7,14.4,4.4,1.8
622,Jr,6-9,Baye Ndongo,Georgia Tech,ACC,27,PF/C,58.9,2.3,3.3,3.3,1.6,1.7,108.6,99.8,23.1,56.7,59.6,12,20.4,18,21.8,4.3,1.7
623,Jr,6-7,Liutauras Lelevicius,TCU,B12,34,Wing G,56.8,2.3,2.7,3.8,2.5,1.4,126.7,100.6,13.4,57.4,61.4,3.5,13.6,5.2,9.1,0.6,1.1
624,Jr,6-11,Drayton Jones,Butler,BE,32,C,47.9,2.3,2,5,3,2.1,128.9,103.9,15.8,58.6,63.4,10.7,15.8,12.9,13.4,4.8,1.2
625,Jr,6-7,Thomas Batties II,Harvard,Ivy,28,Stretch 4,82.2,2.3,3.2,2.7,1.5,1.1,115.9,106.4,19.5,57.3,59.5,6.4,14.1,14.1,15.2,5.6,1.2
626,Fr,6-8,Amare Bynum,Ohio St.,B10,34,Wing F,70.5,2.3,3.4,3.9,1.7,2.1,114.4,99.9,16.9,56.1,58.2,5.2,15.8,7,14,3.4,1.3
627,Jr,6-7,Andrija Bukumirović,Tennessee Martin,OVC,30,Stretch 4,74.8,2.3,3.5,3.4,2.4,0.9,116.6,100.6,21,57.2,57.8,9.3,19,8.3,12.4,3.7,2.5
628,Sr,6-7,Yann Farell,Sacred Heart,MAAC,31,Wing F,74.7,2.3,1.5,-0.7,1,-1.7,122,120.4,16.7,57.7,61.8,4.8,13.1,8.1,11.7,1.7,1.2
629,Fr,6-9,Tyrin Jones,UNLV,MWC,31,C,61.6,2.3,2.8,5.6,3.3,2.3,112.9,104.3,20.6,59.4,57.2,7.2,14.4,10.4,11,9,2.2
630,Jr,6-10,Carter Welling,Clemson,ACC,32,Stretch 4,47.3,2.3,3,6.6,3.2,3.4,112.9,92.2,26.1,53.2,58,8.9,22.5,11.2,14.1,4.7,2.5
631,Sr,6-9,Malik Dia,Mississippi,SEC,35,PF/C,59.7,2.3,2.8,1.5,1.6,-0.1,102.8,100.1,31.5,47.8,51.6,8.8,17.9,7.7,11.8,4.2,1.4
632,Sr,6-7,Johnathan Lawson,Little Rock,OVC,29,Combo G,89.1,2.3,2.2,0.3,1.3,-1,108.4,117.2,22.9,48.3,53,1.8,10.6,21.3,15,2.2,2.7
633,Sr,6-5,Quion Williams,Arkansas Pine Bluff,SWAC,30,Wing G,90.3,2.3,2.4,1.4,2.2,-0.8,104,115.2,27.6,47.5,52.7,7.1,17.8,29.5,18.7,2.4,2.5
634,Sr,6-5,Adam Hinton,Cornell,Ivy,26,Wing G,62.9,2.3,1.2,-0.2,2.5,-2.7,117.5,120.6,21.5,57.7,60.1,4.7,9.8,12.1,13.1,2.1,1.7
635,Sr,6-3,Jaylin Henderson,Portland St.,BSky,28,Scoring PG,94.8,2.3,3.9,0.5,0.2,0.3,103.2,105.1,28.3,43.8,50.1,2.2,10.5,31.3,16.6,0.9,2.2
636,Sr,6-5,Braeden Carrington,Wisconsin,B10,34,Wing G,43.3,2.3,1.9,6.8,5.9,0.9,123.6,103.3,19.4,57.5,60.3,3.6,11.8,10.6,8.8,2,1.2
637,Sr,6-4,Takai Simpkins,Oregon,B10,31,Combo G,77.2,2.3,3,1.2,0.8,0.3,106.5,107.2,20.5,51,56.2,1.9,8.9,15.5,18.9,0.7,1.7
638,Sr,6-6,Dan Skillings Jr.,Baylor,B12,28,Wing F,53.7,2.3,2.6,2.5,2.1,0.4,112,105.3,19.5,48.4,51.9,9.2,16.2,12.1,15,0.6,2.1
639,Jr,6-2,Lateef Patrick Jr,Stephen F. Austin,Slnd,32,Combo G,72.2,2.3,2.9,1.3,0.9,0.4,107.4,105.2,27.1,45.2,50.2,3.9,8.8,12.3,11,0.5,2.9
640,Fr,6-5,Madden Collins,American,Pat,30,Wing F,55.1,2.3,2,3.6,3.4,0.2,111.1,108.5,31.8,53,56,9.2,18.1,21.3,13.4,2.2,3.2
641,So,6-5,Ben Bradford,Charlotte,Amer,33,Wing G,69.1,2.3,2,-0.5,0.9,-1.4,108.2,113.9,25.8,49.8,55.8,5,11.2,11.6,17.1,0.4,2
642,So,6-6,Bryson Cokley,Elon,CAA,30,Wing G,67.3,2.3,1.5,-1,1.3,-2.3,119.1,118.7,19.9,55.7,58.7,4,12.5,9.2,10.8,0.6,1.4
643,So,6-8,MJ Thomas,New Orleans,Slnd,32,PF/C,64.1,2.3,2.4,1.7,1.7,0,114.7,108.2,21.2,53.6,59.1,14.1,18.9,11.7,18.3,2.8,1.8
644,Jr,6-11,Bangot Dak,Colorado,B12,32,PF/C,61.7,2.3,2.9,3.5,2.1,1.5,109.7,101.9,22.5,51.5,54.7,7.4,22.1,10.8,13,6.4,1.5
645,Fr,6-6,Roman Siulepa,Pittsburgh,ACC,33,Wing F,66.1,2.3,2.7,2.5,2.1,0.4,111.1,105,21,51.5,51.7,12.7,12.1,7.3,10.7,2.8,2.4
646,Jr,6-7,Sam Lewis,Virginia,ACC,36,Wing G,62.5,2.3,3.1,4.1,2.4,1.7,116,98.8,19.4,55.9,58.1,3.7,11.9,10.3,16,1.1,1.9
647,So,6-2,Jack Stanton,Princeton,Ivy,22,Combo G,61.9,2.3,2.3,1.1,1.2,-0.1,118.7,113.1,16.8,54.4,59.3,2.4,11.4,11.8,11.1,0.5,1.8
648,Sr,6-8,Lamin Sabally,Iona,MAAC,31,Wing F,71.9,2.3,3.1,3.9,2.1,1.8,115.4,104.3,21.3,57.7,58.6,9.8,20.3,21.3,17,1.7,3.1
649,Fr,6-8,Andrew Alekseyenko,Colgate,Pat,31,Stretch 4,74.2,2.3,2.2,0.1,1.7,-1.6,109.9,112.9,26.4,54.8,57.7,7.5,18.4,16.1,16.7,0.8,1.6
650,Sr,6-4,Brian Taylor,East Tennessee St.,SC,32,Combo G,84.1,2.3,2.8,-0.1,0.7,-0.8,114.1,110.7,22.4,52.5,55.7,2.7,10.7,16.3,11.4,0.5,2.1